family,convention,radians,inches,true_bearing,lat,lon
原转录（65 种组合）,顺时针+偏角（主约定）,1.0,18.0,74.176,38.318716,-119.869433
原转录（65 种组合）,顺时针+偏角（主约定）,2.0,18.0,131.472,36.767173,-120.354667
原转录（65 种组合）,顺时针+偏角（主约定）,3.0,11.0,188.767,36.874533,-122.108288
原转录（65 种组合）,顺时针+偏角（主约定）,3.0,18.0,188.767,36.233448,-122.229176
原转录（65 种组合）,顺时针+偏角（主约定）,3.0,20.0,188.767,36.050259,-122.263351
原转录（65 种组合）,顺时针+偏角（主约定）,4.0,1.0,246.063,37.844067,-122.021364
原转录（65 种组合）,顺时针+偏角（主约定）,4.0,3.0,246.063,37.768515,-122.235455
原转录（65 种组合）,顺时针+偏角（主约定）,4.0,5.0,246.063,37.692576,-122.449107
原转录（65 种组合）,顺时针+偏角（主约定）,4.0,9.0,246.063,37.539546,-122.875097
原转录（65 种组合）,顺时针+偏角（主约定）,4.0,12.0,246.063,37.423773,-123.193439
原转录（65 种组合）,顺时针+偏角（主约定）,4.0,20.0,246.063,37.1109,-124.037527
原转录（65 种组合）,顺时针+偏角（主约定）,5.0,1.0,303.359,37.932592,-122.012245
原转录（65 种组合）,顺时针+偏角（主约定）,5.0,3.0,303.359,38.034135,-122.208833
原转录（65 种组合）,顺时针+偏角（主约定）,5.0,5.0,303.359,38.135349,-122.405966
原转录（65 种组合）,顺时针+偏角（主约定）,5.0,9.0,303.359,38.336785,-122.801873
原转录（65 种组合）,顺时针+偏角（主约定）,5.0,11.0,303.359,38.437003,-123.000651
原转录（65 种组合）,顺时针+偏角（主约定）,5.0,12.0,303.359,38.486985,-123.100246
原转录（65 种组合）,顺时针+偏角（主约定）,5.0,17.0,303.359,38.735625,-123.600301
原转录（65 种组合）,顺时针+偏角（主约定）,5.0,18.0,303.359,38.785097,-123.700728
原转录（65 种组合）,顺时针+偏角（主约定）,5.0,20.0,303.359,38.883782,-123.902002
原转录（65 种组合）,顺时针+偏角（主约定）,6.0,18.0,0.655,39.548894,-121.889452
原转录（65 种组合）,顺时针+偏角（主约定）,7.0,11.0,57.95,38.417264,-120.811898
原转录（65 种组合）,顺时针+偏角（主约定）,7.0,18.0,57.95,38.752645,-120.101988
原转录（65 种组合）,顺时针+偏角（主约定）,7.0,20.0,57.95,38.847677,-119.897935
原转录（65 种组合）,顺时针+偏角（主约定）,8.0,3.0,115.246,37.76275,-121.596223
原转录（65 种组合）,顺时针+偏角（主约定）,8.0,7.0,115.246,37.602829,-121.173907
原转录（65 种组合）,顺时针+偏角（主约定）,8.0,18.0,115.246,37.155366,-120.021919
原转录（65 种组合）,顺时针+偏角（主约定）,8.0,20.0,115.246,37.072817,-119.813943
原转录（65 种组合）,顺时针+偏角（主约定）,9.0,1.0,172.542,37.789852,-121.898941
原转录（65 种组合）,顺时针+偏角（主约定）,9.0,3.0,172.542,37.606155,-121.868626
原转录（65 种组合）,顺时针+偏角（主约定）,9.0,5.0,172.542,37.42245,-121.838461
原转录（65 种组合）,顺时针+偏角（主约定）,9.0,9.0,172.542,37.055018,-121.778571
原转录（65 种组合）,顺时针+偏角（主约定）,9.0,11.0,172.542,36.871291,-121.748843
原转录（65 种组合）,顺时针+偏角（主约定）,9.0,12.0,172.542,36.779424,-121.734033
原转录（65 种组合）,顺时针+偏角（主约定）,9.0,17.0,172.542,36.320065,-121.66051
原转录（65 种组合）,顺时针+偏角（主约定）,9.0,18.0,172.542,36.228188,-121.64591
原转录（65 种组合）,顺时针+偏角（主约定）,9.0,20.0,172.542,36.044428,-121.616811
原转录（65 种组合）,顺时针+偏角（主约定）,10.0,18.0,229.838,36.795585,-123.505329
原转录（65 种组合）,顺时针+偏角（主约定）,11.0,3.0,287.134,37.963083,-122.250977
原转录（65 种组合）,顺时针+偏角（主约定）,11.0,7.0,287.134,38.070099,-122.701227
原转录（65 种组合）,顺时针+偏角（主约定）,13.0,1.0,41.725,37.950805,-121.835973
原转录（65 种组合）,顺时针+偏角（主约定）,13.0,2.0,41.725,38.01986,-121.757644
原转录（65 种组合）,顺时针+偏角（主约定）,13.0,6.0,41.725,38.295557,-121.442846
原转录（65 种组合）,顺时针+偏角（主约定）,13.0,10.0,41.725,38.570407,-121.12565
原转录（65 种组合）,顺时针+偏角（主约定）,15.0,20.0,156.317,36.181528,-120.992342
原转录（65 种组合）,顺时针+偏角（主约定）,16.0,20.0,213.612,36.331967,-123.187042
原转录（65 种组合）,顺时针+偏角（主约定）,17.0,5.0,270.908,37.887583,-122.500921
原转录（65 种组合）,顺时针+偏角（主约定）,17.0,9.0,270.908,37.890194,-122.970387
原转录（65 种组合）,顺时针+偏角（主约定）,18.0,3.0,328.204,38.117734,-122.100259
原转录（65 种组合）,顺时针+偏角（主约定）,18.0,7.0,328.204,38.431988,-122.350276
原转录（65 种组合）,顺时针+偏角（主约定）,20.0,1.0,82.796,37.893257,-121.797705
原转录（65 种组合）,顺时针+偏角（主约定）,20.0,2.0,82.796,37.904701,-121.681219
原转录（65 种组合）,顺时针+偏角（主约定）,20.0,3.0,82.796,37.916031,-121.564697
原转录（65 种组合）,顺时针+偏角（主约定）,20.0,4.0,82.796,37.927245,-121.44814
原转录（65 种组合）,顺时针+偏角（主约定）,20.0,5.0,82.796,37.938345,-121.331546
原转录（65 种组合）,顺时针+偏角（主约定）,20.0,6.0,82.796,37.94933,-121.214918
原转录（65 种组合）,顺时针+偏角（主约定）,20.0,7.0,82.796,37.960199,-121.098255
原转录（65 种组合）,顺时针+偏角（主约定）,20.0,8.0,82.796,37.970953,-120.981558
原转录（65 种组合）,顺时针+偏角（主约定）,20.0,9.0,82.796,37.981592,-120.864827
原转录（65 种组合）,顺时针+偏角（主约定）,20.0,10.0,82.796,37.992115,-120.748062
原转录（65 种组合）,顺时针+偏角（主约定）,20.0,11.0,82.796,38.002523,-120.631264
原转录（65 种组合）,顺时针+偏角（主约定）,20.0,12.0,82.796,38.012816,-120.514433
原转录（65 种组合）,顺时针+偏角（主约定）,20.0,15.0,82.796,38.042999,-120.163745
原转录（65 种组合）,顺时针+偏角（主约定）,20.0,16.0,82.796,38.052828,-120.046785
原转录（65 种组合）,顺时针+偏角（主约定）,20.0,20.0,82.796,38.090987,-119.578638
原转录（65 种组合）,顺时针−偏角,1.0,18.0,40.416,39.14297,-120.520452
原转录（65 种组合）,顺时针−偏角,2.0,18.0,97.712,37.639526,-119.827494
原转录（65 种组合）,顺时针−偏角,3.0,11.0,155.007,36.956962,-121.375446
原转录（65 种组合）,顺时针−偏角,3.0,18.0,155.007,36.367249,-121.039415
原转录（65 种组合）,顺时针−偏角,3.0,20.0,155.007,36.198588,-120.944344
原转录（65 种组合）,顺时针−偏角,4.0,1.0,212.303,37.803389,-121.976804
原转录（65 种组合）,顺时针−偏角,4.0,3.0,212.303,37.646672,-122.101705
原转录（65 种组合）,顺时针−偏角,4.0,5.0,212.303,37.489823,-122.22608
原转录（65 种组合）,顺时针−偏角,4.0,9.0,212.303,37.175738,-122.47327
原转录（65 种组合）,顺时针−偏角,4.0,12.0,212.303,36.93984,-122.657316
原转录（65 种组合）,顺时针−偏角,4.0,20.0,212.303,36.309409,-123.142589
原转录（65 种组合）,顺时针−偏角,5.0,1.0,269.599,37.880991,-122.031509
原转录（65 种组合）,顺时针−偏角,5.0,3.0,269.599,37.879228,-122.266209
原转录（65 种组合）,顺时针−偏角,5.0,5.0,269.599,37.877,-122.500896
原转录（65 种组合）,顺时针−偏角,5.0,9.0,269.599,37.871145,-122.970221
原转录（65 种组合）,顺时针−偏角,5.0,11.0,269.599,37.867519,-123.204852
原转录（65 种组合）,顺时针−偏角,5.0,12.0,269.599,37.865531,-123.322159
原转录（65 种组合）,顺时针−偏角,5.0,17.0,269.599,37.853848,-123.908587
原转录（65 种组合）,顺时针−偏角,5.0,18.0,269.599,37.851162,-124.025849
原转录（65 种组合）,顺时针−偏角,5.0,20.0,269.599,37.845442,-124.260346
原转录（65 种组合）,顺时针−偏角,6.0,18.0,326.895,39.272549,-123.090404
原转录（65 种组合）,顺时针−偏角,7.0,11.0,24.19,38.809929,-121.378364
原转录（65 种组合）,顺时针−偏角,7.0,18.0,24.19,39.399323,-121.0301
原转录（65 种组合）,顺时针−偏角,7.0,20.0,24.19,39.56753,-120.929517
原转录（65 种组合）,顺时针−偏角,8.0,3.0,81.486,37.922325,-121.565768
原转录（65 种组合）,顺时针−偏角,8.0,7.0,81.486,37.974894,-121.100663
原转录（65 种组合）,顺时针−偏角,8.0,18.0,81.486,38.109986,-119.818308
原转录（65 种组合）,顺时针−偏角,8.0,20.0,81.486,38.133048,-119.584656
原转录（65 种组合）,顺时针−偏角,9.0,1.0,138.782,37.811997,-121.836898
原转录（65 种组合）,顺时针−偏角,9.0,3.0,138.782,37.672444,-121.682821
原转录（65 种组合）,顺时针−偏角,9.0,5.0,138.782,37.532692,-121.529322
原转录（65 种组合）,顺时针−偏角,9.0,9.0,138.782,37.252595,-121.224045
原转录（65 种组合）,顺时针−偏角,9.0,11.0,138.782,37.112254,-121.072258
原转录（65 种组合）,顺时针−偏角,9.0,12.0,138.782,37.042011,-120.996575
原转录（65 种组合）,顺时针−偏角,9.0,17.0,138.782,36.690081,-120.620251
原转录（65 种组合）,顺时针−偏角,9.0,18.0,138.782,36.619553,-120.545401
原转录（65 种组合）,顺时针−偏角,9.0,20.0,138.782,36.478358,-120.39611
原转录（65 种组合）,顺时针−偏角,10.0,18.0,196.078,36.278204,-122.486863
原转录（65 种组合）,顺时针−偏角,11.0,3.0,253.374,37.801706,-122.251143
原转录（65 种组合）,顺时针−偏角,11.0,7.0,253.374,37.693561,-122.69932
原转录（65 种组合）,顺时针−偏角,13.0,1.0,7.965,37.973431,-121.897872
原转录（65 种组合）,顺时针−偏角,13.0,2.0,7.965,38.065162,-121.881549
原转录（65 种组合）,顺时针−偏角,13.0,6.0,7.965,38.432065,-121.815843
原转录（65 种组合）,顺时针−偏角,13.0,10.0,7.965,38.79893,-121.749466
原转录（65 种组合）,顺时针−偏角,15.0,20.0,122.557,36.868562,-119.962338
原转录（65 种组合）,顺时针−偏角,16.0,20.0,179.852,36.02914,-121.908258
原转录（65 种组合）,顺时针−偏角,17.0,5.0,237.148,37.629437,-122.405426
原转录（65 种组合）,顺时针−偏角,17.0,9.0,237.148,37.42617,-122.796039
原转录（65 种组合）,顺时针−偏角,18.0,3.0,294.444,37.996252,-122.235171
原转录（65 种组合）,顺时针−偏角,18.0,7.0,294.444,38.147628,-122.664749
原转录（65 种组合）,顺时针−偏角,20.0,1.0,49.036,37.942391,-121.825463
原转录（65 种组合）,顺时针−偏角,20.0,2.0,49.036,38.003017,-121.736624
原转录（65 种组合）,顺时针−偏角,20.0,3.0,49.036,38.063576,-121.647639
原转录（65 种组合）,顺时针−偏角,20.0,4.0,49.036,38.124068,-121.558506
原转录（65 种组合）,顺时针−偏角,20.0,5.0,49.036,38.184493,-121.469225
原转录（65 种组合）,顺时针−偏角,20.0,6.0,49.036,38.24485,-121.379797
原转录（65 种组合）,顺时针−偏角,20.0,7.0,49.036,38.305139,-121.290219
原转录（65 种组合）,顺时针−偏角,20.0,8.0,49.036,38.365359,-121.200493
原转录（65 种组合）,顺时针−偏角,20.0,9.0,49.036,38.425511,-121.110618
原转录（65 种组合）,顺时针−偏角,20.0,10.0,49.036,38.485595,-121.020592
原转录（65 种组合）,顺时针−偏角,20.0,11.0,49.036,38.545609,-120.930417
原转录（65 种组合）,顺时针−偏角,20.0,12.0,49.036,38.605554,-120.840091
原转录（65 种组合）,顺时针−偏角,20.0,15.0,49.036,38.784972,-120.568206
原转录（65 种组合）,顺时针−偏角,20.0,16.0,49.036,38.844637,-120.477273
原转录（65 种组合）,顺时针−偏角,20.0,20.0,49.036,39.082589,-120.112015
原转录（65 种组合）,逆时针+偏角,1.0,18.0,319.584,39.14297,-123.307858
原转录（65 种组合）,逆时针+偏角,2.0,18.0,262.288,37.639526,-124.000816
原转录（65 种组合）,逆时针+偏角,3.0,11.0,204.993,36.956962,-122.452864
原转录（65 种组合）,逆时针+偏角,3.0,18.0,204.993,36.367249,-122.788895
原转录（65 种组合）,逆时针+偏角,3.0,20.0,204.993,36.198588,-122.883966
原转录（65 种组合）,逆时针+偏角,4.0,1.0,147.697,37.803389,-121.851506
原转录（65 种组合）,逆时针+偏角,4.0,3.0,147.697,37.646672,-121.726605
原转录（65 种组合）,逆时针+偏角,4.0,5.0,147.697,37.489823,-121.60223
原转录（65 种组合）,逆时针+偏角,4.0,9.0,147.697,37.175738,-121.35504
原转录（65 种组合）,逆时针+偏角,4.0,12.0,147.697,36.93984,-121.170994
原转录（65 种组合）,逆时针+偏角,4.0,20.0,147.697,36.309409,-120.685721
原转录（65 种组合）,逆时针+偏角,5.0,1.0,90.401,37.880991,-121.796801
原转录（65 种组合）,逆时针+偏角,5.0,3.0,90.401,37.879228,-121.562101
原转录（65 种组合）,逆时针+偏角,5.0,5.0,90.401,37.877,-121.327414
原转录（65 种组合）,逆时针+偏角,5.0,9.0,90.401,37.871145,-120.858089
原转录（65 种组合）,逆时针+偏角,5.0,11.0,90.401,37.867519,-120.623458
原转录（65 种组合）,逆时针+偏角,5.0,12.0,90.401,37.865531,-120.506151
原转录（65 种组合）,逆时针+偏角,5.0,17.0,90.401,37.853848,-119.919723
原转录（65 种组合）,逆时针+偏角,5.0,18.0,90.401,37.851162,-119.802461
原转录（65 种组合）,逆时针+偏角,5.0,20.0,90.401,37.845442,-119.567964
原转录（65 种组合）,逆时针+偏角,6.0,18.0,33.105,39.272549,-120.737906
原转录（65 种组合）,逆时针+偏角,7.0,11.0,335.81,38.809929,-122.449946
原转录（65 种组合）,逆时针+偏角,7.0,18.0,335.81,39.399323,-122.79821
原转录（65 种组合）,逆时针+偏角,7.0,20.0,335.81,39.56753,-122.898793
原转录（65 种组合）,逆时针+偏角,8.0,3.0,278.514,37.922325,-122.262542
原转录（65 种组合）,逆时针+偏角,8.0,7.0,278.514,37.974894,-122.727647
原转录（65 种组合）,逆时针+偏角,8.0,18.0,278.514,38.109986,-124.010002
原转录（65 种组合）,逆时针+偏角,8.0,20.0,278.514,38.133048,-124.243654
原转录（65 种组合）,逆时针+偏角,9.0,1.0,221.218,37.811997,-121.991412
原转录（65 种组合）,逆时针+偏角,9.0,3.0,221.218,37.672444,-122.145489
原转录（65 种组合）,逆时针+偏角,9.0,5.0,221.218,37.532692,-122.298988
原转录（65 种组合）,逆时针+偏角,9.0,9.0,221.218,37.252595,-122.604265
原转录（65 种组合）,逆时针+偏角,9.0,11.0,221.218,37.112254,-122.756052
原转录（65 种组合）,逆时针+偏角,9.0,12.0,221.218,37.042011,-122.831735
原转录（65 种组合）,逆时针+偏角,9.0,17.0,221.218,36.690081,-123.208059
原转录（65 种组合）,逆时针+偏角,9.0,18.0,221.218,36.619553,-123.282909
原转录（65 种组合）,逆时针+偏角,9.0,20.0,221.218,36.478358,-123.4322
原转录（65 种组合）,逆时针+偏角,10.0,18.0,163.922,36.278204,-121.341447
原转录（65 种组合）,逆时针+偏角,11.0,3.0,106.626,37.801706,-121.577167
原转录（65 种组合）,逆时针+偏角,11.0,7.0,106.626,37.693561,-121.12899
原转录（65 种组合）,逆时针+偏角,13.0,1.0,352.035,37.973431,-121.930438
原转录（65 种组合）,逆时针+偏角,13.0,2.0,352.035,38.065162,-121.946761
原转录（65 种组合）,逆时针+偏角,13.0,6.0,352.035,38.432065,-122.012467
原转录（65 种组合）,逆时针+偏角,13.0,10.0,352.035,38.79893,-122.078844
原转录（65 种组合）,逆时针+偏角,15.0,20.0,237.443,36.868562,-123.865972
原转录（65 种组合）,逆时针+偏角,16.0,20.0,180.148,36.02914,-121.920052
原转录（65 种组合）,逆时针+偏角,17.0,5.0,122.852,37.629437,-121.422884
原转录（65 种组合）,逆时针+偏角,17.0,9.0,122.852,37.42617,-121.032271
原转录（65 种组合）,逆时针+偏角,18.0,3.0,65.556,37.996252,-121.593139
原转录（65 种组合）,逆时针+偏角,18.0,7.0,65.556,38.147628,-121.163561
原转录（65 种组合）,逆时针+偏角,20.0,1.0,310.964,37.942391,-122.002847
原转录（65 种组合）,逆时针+偏角,20.0,2.0,310.964,38.003017,-122.091686
原转录（65 种组合）,逆时针+偏角,20.0,3.0,310.964,38.063576,-122.180671
原转录（65 种组合）,逆时针+偏角,20.0,4.0,310.964,38.124068,-122.269804
原转录（65 种组合）,逆时针+偏角,20.0,5.0,310.964,38.184493,-122.359085
原转录（65 种组合）,逆时针+偏角,20.0,6.0,310.964,38.24485,-122.448513
原转录（65 种组合）,逆时针+偏角,20.0,7.0,310.964,38.305139,-122.538091
原转录（65 种组合）,逆时针+偏角,20.0,8.0,310.964,38.365359,-122.627817
原转录（65 种组合）,逆时针+偏角,20.0,9.0,310.964,38.425511,-122.717692
原转录（65 种组合）,逆时针+偏角,20.0,10.0,310.964,38.485595,-122.807718
原转录（65 种组合）,逆时针+偏角,20.0,11.0,310.964,38.545609,-122.897893
原转录（65 种组合）,逆时针+偏角,20.0,12.0,310.964,38.605554,-122.988219
原转录（65 种组合）,逆时针+偏角,20.0,15.0,310.964,38.784972,-123.260104
原转录（65 种组合）,逆时针+偏角,20.0,16.0,310.964,38.844637,-123.351037
原转录（65 种组合）,逆时针+偏角,20.0,20.0,310.964,39.082589,-123.716295
原转录（65 种组合）,逆时针−偏角,1.0,18.0,285.824,38.318716,-123.958877
原转录（65 种组合）,逆时针−偏角,2.0,18.0,228.528,36.767173,-123.473643
原转录（65 种组合）,逆时针−偏角,3.0,11.0,171.233,36.874533,-121.720022
原转录（65 种组合）,逆时针−偏角,3.0,18.0,171.233,36.233448,-121.599134
原转录（65 种组合）,逆时针−偏角,3.0,20.0,171.233,36.050259,-121.564959
原转录（65 种组合）,逆时针−偏角,4.0,1.0,113.937,37.844067,-121.806946
原转录（65 种组合）,逆时针−偏角,4.0,3.0,113.937,37.768515,-121.592855
原转录（65 种组合）,逆时针−偏角,4.0,5.0,113.937,37.692576,-121.379203
原转录（65 种组合）,逆时针−偏角,4.0,9.0,113.937,37.539546,-120.953213
原转录（65 种组合）,逆时针−偏角,4.0,12.0,113.937,37.423773,-120.634871
原转录（65 种组合）,逆时针−偏角,4.0,20.0,113.937,37.1109,-119.790783
原转录（65 种组合）,逆时针−偏角,5.0,1.0,56.641,37.932592,-121.816065
原转录（65 种组合）,逆时针−偏角,5.0,3.0,56.641,38.034135,-121.619477
原转录（65 种组合）,逆时针−偏角,5.0,5.0,56.641,38.135349,-121.422344
原转录（65 种组合）,逆时针−偏角,5.0,9.0,56.641,38.336785,-121.026437
原转录（65 种组合）,逆时针−偏角,5.0,11.0,56.641,38.437003,-120.827659
原转录（65 种组合）,逆时针−偏角,5.0,12.0,56.641,38.486985,-120.728064
原转录（65 种组合）,逆时针−偏角,5.0,17.0,56.641,38.735625,-120.228009
原转录（65 种组合）,逆时针−偏角,5.0,18.0,56.641,38.785097,-120.127582
原转录（65 种组合）,逆时针−偏角,5.0,20.0,56.641,38.883782,-119.926308
原转录（65 种组合）,逆时针−偏角,6.0,18.0,359.345,39.548894,-121.938858
原转录（65 种组合）,逆时针−偏角,7.0,11.0,302.05,38.417264,-123.016412
原转录（65 种组合）,逆时针−偏角,7.0,18.0,302.05,38.752645,-123.726322
原转录（65 种组合）,逆时针−偏角,7.0,20.0,302.05,38.847677,-123.930375
原转录（65 种组合）,逆时针−偏角,8.0,3.0,244.754,37.76275,-122.232087
原转录（65 种组合）,逆时针−偏角,8.0,7.0,244.754,37.602829,-122.654403
原转录（65 种组合）,逆时针−偏角,8.0,18.0,244.754,37.155366,-123.806391
原转录（65 种组合）,逆时针−偏角,8.0,20.0,244.754,37.072817,-124.014367
原转录（65 种组合）,逆时针−偏角,9.0,1.0,187.458,37.789852,-121.929369
原转录（65 种组合）,逆时针−偏角,9.0,3.0,187.458,37.606155,-121.959684
原转录（65 种组合）,逆时针−偏角,9.0,5.0,187.458,37.42245,-121.989849
原转录（65 种组合）,逆时针−偏角,9.0,9.0,187.458,37.055018,-122.049739
原转录（65 种组合）,逆时针−偏角,9.0,11.0,187.458,36.871291,-122.079467
原转录（65 种组合）,逆时针−偏角,9.0,12.0,187.458,36.779424,-122.094277
原转录（65 种组合）,逆时针−偏角,9.0,17.0,187.458,36.320065,-122.1678
原转录（65 种组合）,逆时针−偏角,9.0,18.0,187.458,36.228188,-122.1824
原转录（65 种组合）,逆时针−偏角,9.0,20.0,187.458,36.044428,-122.211499
原转录（65 种组合）,逆时针−偏角,10.0,18.0,130.162,36.795585,-120.322981
原转录（65 种组合）,逆时针−偏角,11.0,3.0,72.866,37.963083,-121.577333
原转录（65 种组合）,逆时针−偏角,11.0,7.0,72.866,38.070099,-121.127083
原转录（65 种组合）,逆时针−偏角,13.0,1.0,318.275,37.950805,-121.992337
原转录（65 种组合）,逆时针−偏角,13.0,2.0,318.275,38.01986,-122.070666
原转录（65 种组合）,逆时针−偏角,13.0,6.0,318.275,38.295557,-122.385464
原转录（65 种组合）,逆时针−偏角,13.0,10.0,318.275,38.570407,-122.70266
原转录（65 种组合）,逆时针−偏角,15.0,20.0,203.683,36.181528,-122.835968
原转录（65 种组合）,逆时针−偏角,16.0,20.0,146.388,36.331967,-120.641268
原转录（65 种组合）,逆时针−偏角,17.0,5.0,89.092,37.887583,-121.327389
原转录（65 种组合）,逆时针−偏角,17.0,9.0,89.092,37.890194,-120.857923
原转录（65 种组合）,逆时针−偏角,18.0,3.0,31.796,38.117734,-121.728051
原转录（65 种组合）,逆时针−偏角,18.0,7.0,31.796,38.431988,-121.478034
原转录（65 种组合）,逆时针−偏角,20.0,1.0,277.204,37.893257,-122.030605
原转录（65 种组合）,逆时针−偏角,20.0,2.0,277.204,37.904701,-122.147091
原转录（65 种组合）,逆时针−偏角,20.0,3.0,277.204,37.916031,-122.263613
原转录（65 种组合）,逆时针−偏角,20.0,4.0,277.204,37.927245,-122.38017
原转录（65 种组合）,逆时针−偏角,20.0,5.0,277.204,37.938345,-122.496764
原转录（65 种组合）,逆时针−偏角,20.0,6.0,277.204,37.94933,-122.613392
原转录（65 种组合）,逆时针−偏角,20.0,7.0,277.204,37.960199,-122.730055
原转录（65 种组合）,逆时针−偏角,20.0,8.0,277.204,37.970953,-122.846752
原转录（65 种组合）,逆时针−偏角,20.0,9.0,277.204,37.981592,-122.963483
原转录（65 种组合）,逆时针−偏角,20.0,10.0,277.204,37.992115,-123.080248
原转录（65 种组合）,逆时针−偏角,20.0,11.0,277.204,38.002523,-123.197046
原转录（65 种组合）,逆时针−偏角,20.0,12.0,277.204,38.012816,-123.313877
原转录（65 种组合）,逆时针−偏角,20.0,15.0,277.204,38.042999,-123.664565
原转录（65 种组合）,逆时针−偏角,20.0,16.0,277.204,38.052828,-123.781525
原转录（65 种组合）,逆时针−偏角,20.0,20.0,277.204,38.090987,-124.249672
第26位独立（220 种组合）,顺时针+偏角（主约定）,1.0,2.0,74.176,37.931999,-121.68818
第26位独立（220 种组合）,顺时针+偏角（主约定）,1.0,3.0,74.176,37.956987,-121.575077
第26位独立（220 种组合）,顺时针+偏角（主约定）,1.0,3.5,74.176,37.969441,-121.518496
第26位独立（220 种组合）,顺时针+偏角（主约定）,1.0,4.0,74.176,37.981867,-121.461896
第26位独立（220 种组合）,顺时针+偏角（主约定）,1.0,4.25,74.176,37.98807,-121.433589
第26位独立（220 种组合）,顺时针+偏角（主约定）,1.0,7.5,74.176,38.068092,-121.065164
第26位独立（220 种组合）,顺时针+偏角（主约定）,1.0,8.5,74.176,38.092482,-120.951641
第26位独立（220 种组合）,顺时针+偏角（主约定）,1.0,10.0,74.176,38.128863,-120.781215
第26位独立（220 种组合）,顺时针+偏角（主约定）,1.0,10.25,74.176,38.134902,-120.752794
第26位独立（220 种组合）,顺时针+偏角（主约定）,1.0,12.0,74.176,38.176986,-120.553717
第26位独立（220 种组合）,顺时针+偏角（主约定）,1.0,18.0,74.176,38.318716,-119.869433
第26位独立（220 种组合）,顺时针+偏角（主约定）,1.0,20.0,74.176,38.365074,-119.640748
第26位独立（220 种组合）,顺时针+偏角（主约定）,1.5,10.0,102.824,37.670594,-120.773086
第26位独立（220 种组合）,顺时针+偏角（主约定）,1.5,20.0,102.824,37.448562,-119.638656
第26位独立（220 种组合）,顺时针+偏角（主约定）,2.0,2.0,131.472,37.758882,-121.738579
第26位独立（220 种组合）,顺时针+偏角（主约定）,2.0,3.0,131.472,37.697376,-121.651009
第26位独立（220 种组合）,顺时针+偏角（主约定）,2.0,3.5,131.472,37.666599,-121.607279
第26位独立（220 种组合）,顺时针+偏角（主约定）,2.0,4.0,131.472,37.635806,-121.563585
第26位独立（220 种组合）,顺时针+偏角（主约定）,2.0,4.25,131.472,37.620403,-121.541751
第26位独立（220 种组合）,顺时针+偏角（主约定）,2.0,10.0,131.472,37.265041,-121.042067
第26位独立（220 种组合）,顺时针+偏角（主约定）,2.0,12.0,131.472,37.140946,-120.869371
第26位独立（220 种组合）,顺时针+偏角（主约定）,2.0,18.0,131.472,36.767173,-120.354667
第26位独立（220 种组合）,顺时针+偏角（主约定）,2.0,20.0,131.472,36.642091,-120.184216
第26位独立（220 种组合）,顺时针+偏角（主约定）,2.5,10.0,160.119,37.009957,-121.519705
第26位独立（220 种组合）,顺时针+偏角（主约定）,2.5,20.0,160.119,36.136941,-121.134207
第26位独立（220 种组合）,顺时针+偏角（主约定）,3.0,3.0,188.767,37.607048,-121.96762
第26位独立（220 种组合）,顺时针+偏角（主约定）,3.0,8.0,188.767,37.149245,-122.055857
第26位独立（220 种组合）,顺时针+偏角（主约定）,3.0,11.0,188.767,36.874533,-122.108288
第26位独立（220 种组合）,顺时针+偏角（主约定）,3.0,12.0,188.767,36.782957,-122.125681
第26位独立（220 种组合）,顺时针+偏角（主约定）,3.0,18.0,188.767,36.233448,-122.229176
第26位独立（220 种组合）,顺时针+偏角（主约定）,3.0,20.0,188.767,36.050259,-122.263351
第26位独立（220 种组合）,顺时针+偏角（主约定）,4.0,1.0,246.063,37.844067,-122.021364
第26位独立（220 种组合）,顺时针+偏角（主约定）,4.0,2.0,246.063,37.806339,-122.128464
第26位独立（220 种组合）,顺时针+偏角（主约定）,4.0,3.0,246.063,37.768515,-122.235455
第26位独立（220 种组合）,顺时针+偏角（主约定）,4.0,4.0,246.063,37.730593,-122.342336
第26位独立（220 种组合）,顺时针+偏角（主约定）,4.0,5.0,246.063,37.692576,-122.449107
第26位独立（220 种组合）,顺时针+偏角（主约定）,4.0,6.0,246.063,37.654462,-122.555769
第26位独立（220 种组合）,顺时针+偏角（主约定）,4.0,7.0,246.063,37.616252,-122.662321
第26位独立（220 种组合）,顺时针+偏角（主约定）,4.0,8.0,246.063,37.577947,-122.768764
第26位独立（220 种组合）,顺时针+偏角（主约定）,4.0,9.0,246.063,37.539546,-122.875097
第26位独立（220 种组合）,顺时针+偏角（主约定）,4.0,10.0,246.063,37.50105,-122.981321
第26位独立（220 种组合）,顺时针+偏角（主约定）,4.0,12.0,246.063,37.423773,-123.193439
第26位独立（220 种组合）,顺时针+偏角（主约定）,4.0,13.0,246.063,37.384992,-123.299333
第26位独立（220 种组合）,顺时针+偏角（主约定）,4.0,14.0,246.063,37.346117,-123.405118
第26位独立（220 种组合）,顺时针+偏角（主约定）,4.0,15.0,246.063,37.307148,-123.510794
第26位独立（220 种组合）,顺时针+偏角（主约定）,4.0,16.0,246.063,37.268085,-123.616359
第26位独立（220 种组合）,顺时针+偏角（主约定）,4.0,18.0,246.063,37.189679,-123.827162
第26位独立（220 种组合）,顺时针+偏角（主约定）,4.0,19.0,246.063,37.150336,-123.932399
第26位独立（220 种组合）,顺时针+偏角（主约定）,4.0,20.0,246.063,37.1109,-124.037527
第26位独立（220 种组合）,顺时针+偏角（主约定）,4.5,2.0,274.711,37.896681,-122.148126
第26位独立（220 种组合）,顺时针+偏角（主约定）,4.5,20.0,274.711,38.010637,-124.257736
第26位独立（220 种组合）,顺时针+偏角（主约定）,5.0,1.0,303.359,37.932592,-122.012245
第26位独立（220 种组合）,顺时针+偏角（主约定）,5.0,2.0,303.359,37.983404,-122.110471
第26位独立（220 种组合）,顺时针+偏角（主约定）,5.0,3.0,303.359,38.034135,-122.208833
第26位独立（220 种组合）,顺时针+偏角（主约定）,5.0,4.0,303.359,38.084783,-122.307331
第26位独立（220 种组合）,顺时针+偏角（主约定）,5.0,5.0,303.359,38.135349,-122.405966
第26位独立（220 种组合）,顺时针+偏角（主约定）,5.0,6.0,303.359,38.185833,-122.504737
第26位独立（220 种组合）,顺时针+偏角（主约定）,5.0,7.0,303.359,38.236233,-122.603645
第26位独立（220 种组合）,顺时针+偏角（主约定）,5.0,7.5,303.359,38.261403,-122.65315
第26位独立（220 种组合）,顺时针+偏角（主约定）,5.0,8.0,303.359,38.286551,-122.70269
第26位独立（220 种组合）,顺时针+偏角（主约定）,5.0,9.0,303.359,38.336785,-122.801873
第26位独立（220 种组合）,顺时针+偏角（主约定）,5.0,10.0,303.359,38.386936,-122.901193
第26位独立（220 种组合）,顺时针+偏角（主约定）,5.0,10.5,303.359,38.41198,-122.950904
第26位独立（220 种组合）,顺时针+偏角（主约定）,5.0,11.0,303.359,38.437003,-123.000651
第26位独立（220 种组合）,顺时针+偏角（主约定）,5.0,12.0,303.359,38.486985,-123.100246
第26位独立（220 种组合）,顺时针+偏角（主约定）,5.0,13.0,303.359,38.536883,-123.19998
第26位独立（220 种组合）,顺时针+偏角（主约定）,5.0,14.0,303.359,38.586696,-123.299852
第26位独立（220 种组合）,顺时针+偏角（主约定）,5.0,15.0,303.359,38.636425,-123.399863
第26位独立（220 种组合）,顺时针+偏角（主约定）,5.0,16.0,303.359,38.686068,-123.500012
第26位独立（220 种组合）,顺时针+偏角（主约定）,5.0,17.0,303.359,38.735625,-123.600301
第26位独立（220 种组合）,顺时针+偏角（主约定）,5.0,18.0,303.359,38.785097,-123.700728
第26位独立（220 种组合）,顺时针+偏角（主约定）,5.0,19.0,303.359,38.834483,-123.801295
第26位独立（220 种组合）,顺时针+偏角（主约定）,5.0,20.0,303.359,38.883782,-123.902002
第26位独立（220 种组合）,顺时针+偏角（主约定）,5.5,20.0,332.007,39.512203,-123.041115
第26位独立（220 种组合）,顺时针+偏角（主约定）,6.0,2.0,0.655,38.066942,-121.911466
第26位独立（220 种组合）,顺时针+偏角（主约定）,6.0,3.0,0.655,38.159564,-121.910117
第26位独立（220 种组合）,顺时针+偏角（主约定）,6.0,3.5,0.655,38.205875,-121.909441
第26位独立（220 种组合）,顺时针+偏角（主约定）,6.0,4.0,0.655,38.252186,-121.908764
第26位独立（220 种组合）,顺时针+偏角（主约定）,6.0,4.25,0.655,38.275342,-121.908425
第26位独立（220 种组合）,顺时针+偏角（主约定）,6.0,10.0,0.655,38.807919,-121.900574
第26位独立（220 种组合）,顺时针+偏角（主约定）,6.0,12.0,0.655,38.993163,-121.897815
第26位独立（220 种组合）,顺时针+偏角（主约定）,6.0,18.0,0.655,39.548894,-121.889452
第26位独立（220 种组合）,顺时针+偏角（主约定）,6.0,20.0,0.655,39.734138,-121.886635
第26位独立（220 种组合）,顺时针+偏角（主约定）,6.5,10.0,29.303,38.68804,-121.33338
第26位独立（220 种组合）,顺时针+偏角（主约定）,6.5,20.0,29.303,39.491445,-120.739388
第26位独立（220 种组合）,顺时针+偏角（主约定）,7.0,5.0,57.95,38.126413,-121.415135
第26位独立（220 种组合）,顺时针+偏角（主约定）,7.0,8.0,57.95,38.272224,-121.11412
第26位独立（220 种组合）,顺时针+偏角（主约定）,7.0,9.0,57.95,38.320657,-121.013514
第26位独立（220 种组合）,顺时针+偏角（主约定）,7.0,11.0,57.95,38.417264,-120.811898
第26位独立（220 种组合）,顺时针+偏角（主约定）,7.0,12.0,57.95,38.465437,-120.710888
第26位独立（220 种组合）,顺时针+偏角（主约定）,7.0,18.0,57.95,38.752645,-120.101988
第26位独立（220 种组合）,顺时针+偏角（主约定）,7.0,20.0,57.95,38.847677,-119.897935
第26位独立（220 种组合）,顺时针+偏角（主约定）,7.5,1.0,86.598,37.887136,-121.796995
第26位独立（220 种组合）,顺时针+偏角（主约定）,7.5,5.0,86.598,37.907726,-121.328189
第26位独立（220 种组合）,顺时针+偏角（主约定）,7.5,9.0,86.598,37.926456,-120.859132
第26位独立（220 种组合）,顺时针+偏角（主约定）,8.0,3.0,115.246,37.76275,-121.596223
第26位独立（220 种组合）,顺时针+偏角（主约定）,8.0,7.0,115.246,37.602829,-121.173907
第26位独立（220 种组合）,顺时针+偏角（主约定）,8.0,11.0,115.246,37.44141,-120.753412
第26位独立（220 种组合）,顺时针+偏角（主约定）,8.0,12.0,115.246,37.400822,-120.648572
第26位独立（220 种组合）,顺时针+偏角（主约定）,8.0,18.0,115.246,37.155366,-120.021919
第26位独立（220 种组合）,顺时针+偏角（主约定）,8.0,20.0,115.246,37.072817,-119.813943
第26位独立（220 种组合）,顺时针+偏角（主约定）,8.5,3.0,143.894,37.657005,-121.707315
第26位独立（220 种组合）,顺时针+偏角（主约定）,8.5,7.0,143.894,37.356858,-121.433469
第26位独立（220 种组合）,顺时针+偏角（主约定）,9.0,1.0,172.542,37.789852,-121.898941
第26位独立（220 种组合）,顺时针+偏角（主约定）,9.0,2.0,172.542,37.698005,-121.883765
第26位独立（220 种组合）,顺时针+偏角（主约定）,9.0,3.0,172.542,37.606155,-121.868626
第26位独立（220 种组合）,顺时针+偏角（主约定）,9.0,4.0,172.542,37.514304,-121.853525
第26位独立（220 种组合）,顺时针+偏角（主约定）,9.0,5.0,172.542,37.42245,-121.838461
第26位独立（220 种组合）,顺时针+偏角（主约定）,9.0,6.0,172.542,37.330595,-121.823433
第26位独立（220 种组合）,顺时针+偏角（主约定）,9.0,7.0,172.542,37.238738,-121.808443
第26位独立（220 种组合）,顺时针+偏角（主约定）,9.0,7.5,172.542,37.192809,-121.800961
第26位独立（220 种组合）,顺时针+偏角（主约定）,9.0,8.0,172.542,37.146879,-121.793489
第26位独立（220 种组合）,顺时针+偏角（主约定）,9.0,9.0,172.542,37.055018,-121.778571
第26位独立（220 种组合）,顺时针+偏角（主约定）,9.0,9.5,172.542,37.009087,-121.771126
第26位独立（220 种组合）,顺时针+偏角（主约定）,9.0,10.0,172.542,36.963155,-121.763689
第26位独立（220 种组合）,顺时针+偏角（主约定）,9.0,10.5,172.542,36.917223,-121.756262
第26位独立（220 种组合）,顺时针+偏角（主约定）,9.0,11.0,172.542,36.871291,-121.748843
第26位独立（220 种组合）,顺时针+偏角（主约定）,9.0,12.0,172.542,36.779424,-121.734033
第26位独立（220 种组合）,顺时针+偏角（主约定）,9.0,13.0,172.542,36.687556,-121.719258
第26位独立（220 种组合）,顺时针+偏角（主约定）,9.0,14.0,172.542,36.595686,-121.704519
第26位独立（220 种组合）,顺时针+偏角（主约定）,9.0,15.0,172.542,36.503814,-121.689815
第26位独立（220 种组合）,顺时针+偏角（主约定）,9.0,16.0,172.542,36.41194,-121.675145
第26位独立（220 种组合）,顺时针+偏角（主约定）,9.0,17.0,172.542,36.320065,-121.66051
第26位独立（220 种组合）,顺时针+偏角（主约定）,9.0,18.0,172.542,36.228188,-121.64591
第26位独立（220 种组合）,顺时针+偏角（主约定）,9.0,19.0,172.542,36.136309,-121.631344
第26位独立（220 种组合）,顺时针+偏角（主约定）,9.0,20.0,172.542,36.044428,-121.616811
第26位独立（220 种组合）,顺时针+偏角（主约定）,9.5,9.0,201.19,37.103803,-122.29197
第26位独立（220 种组合）,顺时针+偏角（主约定）,9.5,20.0,201.19,36.151453,-122.743341
第26位独立（220 种组合）,顺时针+偏角（主约定）,10.0,1.25,229.838,37.806969,-122.026151
第26位独立（220 种组合）,顺时针+偏角（主约定）,10.0,1.5,229.838,37.79201,-122.048523
第26位独立（220 种组合）,顺时针+偏角（主约定）,10.0,2.0,229.838,37.76208,-122.093239
第26位独立（220 种组合）,顺时针+偏角（主约定）,10.0,2.5,229.838,37.732134,-122.13792
第26位独立（220 种组合）,顺时针+偏角（主约定）,10.0,3.0,229.838,37.70217,-122.182564
第26位独立（220 种组合）,顺时针+偏角（主约定）,10.0,3.5,229.838,37.67219,-122.227172
第26位独立（220 种组合）,顺时针+偏角（主约定）,10.0,4.0,229.838,37.642193,-122.271745
第26位独立（220 种组合）,顺时针+偏角（主约定）,10.0,4.25,229.838,37.627188,-122.294017
第26位独立（220 种组合）,顺时针+偏角（主约定）,10.0,5.0,229.838,37.582148,-122.360781
第26位独立（220 种组合）,顺时针+偏角（主约定）,10.0,6.5,229.838,37.491956,-122.494067
第26位独立（220 种组合）,顺时针+偏角（主约定）,10.0,9.0,229.838,37.341305,-122.715495
第26位独立（220 种组合）,顺时针+偏角（主约定）,10.0,9.5,229.838,37.311125,-122.759674
第26位独立（220 种组合）,顺时针+偏角（主约定）,10.0,10.0,229.838,37.280929,-122.803818
第26位独立（220 种组合）,顺时针+偏角（主约定）,10.0,10.5,229.838,37.250717,-122.847926
第26位独立（220 种组合）,顺时针+偏角（主约定）,10.0,12.0,229.838,37.159981,-122.980038
第26位独立（220 种组合）,顺时针+偏角（主约定）,10.0,15.0,229.838,36.978072,-123.243313
第26位独立（220 种组合）,顺时针+偏角（主约定）,10.0,16.0,229.838,36.917307,-123.330791
第26位独立（220 种组合）,顺时针+偏角（主约定）,10.0,18.0,229.838,36.795585,-123.505329
第26位独立（220 种组合）,顺时针+偏角（主约定）,10.0,20.0,229.838,36.673608,-123.679314
第26位独立（220 种组合）,顺时针+偏角（主约定）,10.25,5.0,244.162,37.678671,-122.440835
第26位独立（220 种组合）,顺时针+偏角（主约定）,10.25,9.0,244.162,37.514572,-122.860097
第26位独立（220 种组合）,顺时针+偏角（主约定）,10.5,5.0,258.486,37.787853,-122.488407
第26位独立（220 种组合）,顺时针+偏角（主约定）,10.5,9.0,258.486,37.710776,-122.946746
第26位独立（220 种组合）,顺时针+偏角（主约定）,10.5,10.0,258.486,37.691229,-123.061181
第26位独立（220 种组合）,顺时针+偏角（主约定）,10.5,20.0,258.486,37.489709,-124.202161
第26位独立（220 种组合）,顺时针+偏角（主约定）,11.0,3.0,287.134,37.963083,-122.250977
第26位独立（220 种组合）,顺时针+偏角（主约定）,11.0,7.0,287.134,38.070099,-122.701227
第26位独立（220 种组合）,顺时针+偏角（主约定）,11.0,12.0,287.134,38.201445,-123.26588
第26位独立（220 种组合）,顺时针+偏角（主约定）,11.0,18.0,287.134,38.355476,-123.946126
第26位独立（220 种组合）,顺时针+偏角（主约定）,11.0,20.0,287.134,38.405944,-124.173513
第26位独立（220 种组合）,顺时针+偏角（主约定）,12.0,12.0,344.429,38.951825,-122.297798
第26位独立（220 种组合）,顺时针+偏角（主约定）,12.0,18.0,344.429,39.486409,-122.493979
第26位独立（220 种组合）,顺时针+偏角（主约定）,12.0,20.0,344.429,39.664529,-122.560043
第26位独立（220 种组合）,顺时针+偏角（主约定）,13.0,1.0,41.725,37.950805,-121.835973
第26位独立（220 种组合）,顺时针+偏角（主约定）,13.0,2.0,41.725,38.01986,-121.757644
第26位独立（220 种组合）,顺时针+偏角（主约定）,13.0,6.0,41.725,38.295557,-121.442846
第26位独立（220 种组合）,顺时针+偏角（主约定）,13.0,10.0,41.725,38.570407,-121.12565
第26位独立（220 种组合）,顺时针+偏角（主约定）,13.0,11.0,41.725,38.638985,-121.045972
第26位独立（220 种组合）,顺时针+偏角（主约定）,13.0,12.0,41.725,38.707509,-120.966142
第26位独立（220 种组合）,顺时针+偏角（主约定）,13.0,18.0,41.725,39.117503,-120.483926
第26位独立（220 种组合）,顺时针+偏角（主约定）,13.0,20.0,41.725,39.253724,-120.321942
第26位独立（220 种组合）,顺时针+偏角（主约定）,14.0,10.0,99.021,37.730797,-120.75743
第26位独立（220 种组合）,顺时针+偏角（主约定）,14.0,11.0,99.021,37.715086,-120.642021
第26位独立（220 种组合）,顺时针+偏角（主约定）,14.0,12.0,99.021,37.699263,-120.526661
第26位独立（220 种组合）,顺时针+偏角（主约定）,14.0,18.0,99.021,37.601968,-119.83555
第26位独立（220 种组合）,顺时针+偏角（主约定）,14.0,20.0,99.021,37.568642,-119.605585
第26位独立（220 种组合）,顺时针+偏角（主约定）,15.0,10.0,156.317,37.032504,-121.448089
第26位独立（220 种组合）,顺时针+偏角（主约定）,15.0,18.0,156.317,36.351861,-121.082691
第26位独立（220 种组合）,顺时针+偏角（主约定）,15.0,20.0,156.317,36.181528,-120.992342
第26位独立（220 种组合）,顺时针+偏角（主约定）,16.0,10.0,213.612,37.108533,-122.55711
第26位独立（220 种组合）,顺时针+偏角（主约定）,16.0,18.0,213.612,36.487544,-123.06207
第26位独立（220 种组合）,顺时针+偏角（主约定）,16.0,20.0,213.612,36.331967,-123.187042
第26位独立（220 种组合）,顺时针+偏角（主约定）,17.0,5.0,270.908,37.887583,-122.500921
第26位独立（220 种组合）,顺时针+偏角（主约定）,17.0,9.0,270.908,37.890194,-122.970387
第26位独立（220 种组合）,顺时针+偏角（主约定）,17.0,12.0,270.908,37.890929,-123.322502
第26位独立（220 种组合）,顺时针+偏角（主约定）,17.0,20.0,270.908,37.887761,-124.261457
第26位独立（220 种组合）,顺时针+偏角（主约定）,18.0,3.0,328.204,38.117734,-122.100259
第26位独立（220 种组合）,顺时针+偏角（主约定）,18.0,7.0,328.204,38.431988,-122.350276
第26位独立（220 种组合）,顺时针+偏角（主约定）,18.0,10.0,328.204,38.667328,-122.53922
第26位独立（220 种组合）,顺时针+偏角（主约定）,18.0,11.0,328.204,38.745707,-122.602478
第26位独立（220 种组合）,顺时针+偏角（主约定）,18.0,12.0,328.204,38.824052,-122.665874
第26位独立（220 种组合）,顺时针+偏角（主约定）,18.0,18.0,328.204,39.293393,-123.049206
第26位独立（220 种组合）,顺时针+偏角（主约定）,18.0,20.0,328.204,39.449558,-123.178125
第26位独立（220 种组合）,顺时针+偏角（主约定）,19.0,10.0,25.5,38.716649,-121.403087
第26位独立（220 种组合）,顺时针+偏角（主约定）,19.0,11.0,25.5,38.800021,-121.351327
第26位独立（220 种组合）,顺时针+偏角（主约定）,19.0,12.0,25.5,38.88337,-121.299445
第26位独立（220 种组合）,顺时针+偏角（主约定）,19.0,18.0,25.5,39.382976,-120.985575
第26位独立（220 种组合）,顺时针+偏角（主约定）,19.0,20.0,25.5,39.549323,-120.879954
第26位独立（220 种组合）,顺时针+偏角（主约定）,20.0,1.0,82.796,37.893257,-121.797705
第26位独立（220 种组合）,顺时针+偏角（主约定）,20.0,1.5,82.796,37.898993,-121.739467
第26位独立（220 种组合）,顺时针+偏角（主约定）,20.0,2.0,82.796,37.904701,-121.681219
第26位独立（220 种组合）,顺时针+偏角（主约定）,20.0,2.5,82.796,37.91038,-121.622963
第26位独立（220 种组合）,顺时针+偏角（主约定）,20.0,3.0,82.796,37.916031,-121.564697
第26位独立（220 种组合）,顺时针+偏角（主约定）,20.0,4.0,82.796,37.927245,-121.44814
第26位独立（220 种组合）,顺时针+偏角（主约定）,20.0,5.0,82.796,37.938345,-121.331546
第26位独立（220 种组合）,顺时针+偏角（主约定）,20.0,6.0,82.796,37.94933,-121.214918
第26位独立（220 种组合）,顺时针+偏角（主约定）,20.0,6.5,82.796,37.954779,-121.156591
第26位独立（220 种组合）,顺时针+偏角（主约定）,20.0,7.0,82.796,37.960199,-121.098255
第26位独立（220 种组合）,顺时针+偏角（主约定）,20.0,8.0,82.796,37.970953,-120.981558
第26位独立（220 种组合）,顺时针+偏角（主约定）,20.0,9.0,82.796,37.981592,-120.864827
第26位独立（220 种组合）,顺时针+偏角（主约定）,20.0,10.0,82.796,37.992115,-120.748062
第26位独立（220 种组合）,顺时针+偏角（主约定）,20.0,10.5,82.796,37.997334,-120.689667
第26位独立（220 种组合）,顺时针+偏角（主约定）,20.0,11.0,82.796,38.002523,-120.631264
第26位独立（220 种组合）,顺时针+偏角（主约定）,20.0,12.0,82.796,38.012816,-120.514433
第26位独立（220 种组合）,顺时针+偏角（主约定）,20.0,13.0,82.796,38.022993,-120.397569
第26位独立（220 种组合）,顺时针+偏角（主约定）,20.0,14.0,82.796,38.033054,-120.280673
第26位独立（220 种组合）,顺时针+偏角（主约定）,20.0,15.0,82.796,38.042999,-120.163745
第26位独立（220 种组合）,顺时针+偏角（主约定）,20.0,16.0,82.796,38.052828,-120.046785
第26位独立（220 种组合）,顺时针+偏角（主约定）,20.0,17.0,82.796,38.062542,-119.929794
第26位独立（220 种组合）,顺时针+偏角（主约定）,20.0,18.0,82.796,38.07214,-119.812772
第26位独立（220 种组合）,顺时针+偏角（主约定）,20.0,19.0,82.796,38.081621,-119.69572
第26位独立（220 种组合）,顺时针+偏角（主约定）,20.0,20.0,82.796,38.090987,-119.578638
第26位独立（220 种组合）,顺时针−偏角,1.0,2.0,40.416,38.022646,-121.76169
第26位独立（220 种组合）,顺时针−偏角,1.0,3.0,40.416,38.093047,-121.685237
第26位独立（220 种组合）,顺时针−偏角,1.0,3.5,40.416,38.128228,-121.646956
第26位独立（220 种组合）,顺时针−偏角,1.0,4.0,40.416,38.163397,-121.608637
第26位独立（220 种组合）,顺时针−偏角,1.0,4.25,40.416,38.180977,-121.589464
第26位独立（220 种组合）,顺时针−偏角,1.0,7.5,40.416,38.409231,-121.339369
第26位独立（220 种组合）,顺时针−偏角,1.0,8.5,40.416,38.479355,-121.262099
第26位独立（220 种组合）,顺时针−偏角,1.0,10.0,40.416,38.584447,-121.145912
第26位独立（220 种组合）,顺时针−偏角,1.0,10.25,40.416,38.601951,-121.126514
第26位独立（220 种组合）,顺时针−偏角,1.0,12.0,40.416,38.724389,-120.990466
第26位独立（220 种组合）,顺时针−偏角,1.0,18.0,40.416,39.14297,-120.520452
第26位独立（220 种组合）,顺时针−偏角,1.0,20.0,40.416,39.282074,-120.36254
第26位独立（220 种组合）,顺时针−偏角,1.5,10.0,69.064,38.20757,-120.81315
第26位独立（220 种组合）,顺时针−偏角,1.5,20.0,69.064,38.523068,-119.7024
第26位独立（220 种组合）,顺时针−偏角,2.0,2.0,97.712,37.85661,-121.681641
第26位独立（220 种组合）,顺时针−偏角,2.0,3.0,97.712,37.843895,-121.565444
第26位独立（220 种组合）,顺时针−偏角,2.0,3.5,97.712,37.837495,-121.50736
第26位独立（220 种组合）,顺时针−偏角,2.0,4.0,97.712,37.831066,-121.449287
第26位独立（220 种组合）,顺时针−偏角,2.0,4.25,97.712,37.827841,-121.420254
第26位独立（220 种组合）,顺时针−偏角,2.0,10.0,97.712,37.751699,-120.753208
第26位独立（220 种组合）,顺时针−偏角,2.0,12.0,97.712,37.724334,-120.521518
第26位独立（220 种组合）,顺时针−偏角,2.0,18.0,97.712,37.639526,-119.827494
第26位独立（220 种组合）,顺时针−偏角,2.0,20.0,97.712,37.610354,-119.59651
第26位独立（220 种组合）,顺时针−偏角,2.5,10.0,126.359,37.328818,-120.976054
第26位独立（220 种组合）,顺时针−偏角,2.5,20.0,126.359,36.768641,-120.051748
第26位独立（220 种组合）,顺时针−偏角,3.0,3.0,155.007,37.629741,-121.765909
第26位独立（220 种组合）,顺时针−偏角,3.0,8.0,155.007,37.209404,-121.521053
第26位独立（220 种组合）,顺时针−偏角,3.0,11.0,155.007,36.956962,-121.375446
第26位独立（220 种组合）,顺时针−偏角,3.0,12.0,155.007,36.872775,-121.327125
第26位独立（220 种组合）,顺时针−偏角,3.0,18.0,155.007,36.367249,-121.039415
第26位独立（220 种组合）,顺时针−偏角,3.0,20.0,155.007,36.198588,-120.944344
第26位独立（220 种组合）,顺时针−偏角,4.0,1.0,212.303,37.803389,-121.976804
第26位独立（220 种组合）,顺时针−偏角,4.0,2.0,212.303,37.725047,-122.039321
第26位独立（220 种组合）,顺时针−偏角,4.0,3.0,212.303,37.646672,-122.101705
第26位独立（220 种组合）,顺时针−偏角,4.0,4.0,212.303,37.568264,-122.163958
第26位独立（220 种组合）,顺时针−偏角,4.0,5.0,212.303,37.489823,-122.22608
第26位独立（220 种组合）,顺时针−偏角,4.0,6.0,212.303,37.41135,-122.288071
第26位独立（220 种组合）,顺时针−偏角,4.0,7.0,212.303,37.332845,-122.349933
第26位独立（220 种组合）,顺时针−偏角,4.0,8.0,212.303,37.254308,-122.411666
第26位独立（220 种组合）,顺时针−偏角,4.0,9.0,212.303,37.175738,-122.47327
第26位独立（220 种组合）,顺时针−偏角,4.0,10.0,212.303,37.097137,-122.534746
第26位独立（220 种组合）,顺时针−偏角,4.0,12.0,212.303,36.93984,-122.657316
第26位独立（220 种组合）,顺时针−偏角,4.0,13.0,212.303,36.861144,-122.718411
第26位独立（220 种组合）,顺时针−偏角,4.0,14.0,212.303,36.782418,-122.779381
第26位独立（220 种组合）,顺时针−偏角,4.0,15.0,212.303,36.70366,-122.840225
第26位独立（220 种组合）,顺时针−偏角,4.0,16.0,212.303,36.624871,-122.900945
第26位独立（220 种组合）,顺时针−偏角,4.0,18.0,212.303,36.467201,-123.022013
第26位独立（220 种组合）,顺时针−偏角,4.0,19.0,212.303,36.38832,-123.082362
第26位独立（220 种组合）,顺时针−偏角,4.0,20.0,212.303,36.309409,-123.142589
第26位独立（220 种组合）,顺时针−偏角,4.5,2.0,240.951,37.791567,-122.119094
第26位独立（220 种组合）,顺时针−偏角,4.5,20.0,240.951,36.9647,-123.941144
第26位独立（220 种组合）,顺时针−偏角,5.0,1.0,269.599,37.880991,-122.031509
第26位独立（220 种组合）,顺时针−偏角,5.0,2.0,269.599,37.880168,-122.14886
第26位独立（220 种组合）,顺时针−偏角,5.0,3.0,269.599,37.879228,-122.266209
第26位独立（220 种组合）,顺时针−偏角,5.0,4.0,269.599,37.878172,-122.383554
第26位独立（220 种组合）,顺时针−偏角,5.0,5.0,269.599,37.877,-122.500896
第26位独立（220 种组合）,顺时针−偏角,5.0,6.0,269.599,37.87571,-122.618234
第26位独立（220 种组合）,顺时针−偏角,5.0,7.0,269.599,37.874305,-122.735568
第26位独立（220 种组合）,顺时针−偏角,5.0,7.5,269.599,37.873559,-122.794233
第26位独立（220 种组合）,顺时针−偏角,5.0,8.0,269.599,37.872783,-122.852897
第26位独立（220 种组合）,顺时针−偏角,5.0,9.0,269.599,37.871145,-122.970221
第26位独立（220 种组合）,顺时针−偏角,5.0,10.0,269.599,37.86939,-123.087539
第26位独立（220 种组合）,顺时针−偏角,5.0,10.5,269.599,37.868469,-123.146196
第26位独立（220 种组合）,顺时针−偏角,5.0,11.0,269.599,37.867519,-123.204852
第26位独立（220 种组合）,顺时针−偏角,5.0,12.0,269.599,37.865531,-123.322159
第26位独立（220 种组合）,顺时针−偏角,5.0,13.0,269.599,37.863427,-123.439459
第26位独立（220 种组合）,顺时针−偏角,5.0,14.0,269.599,37.861207,-123.556752
第26位独立（220 种组合）,顺时针−偏角,5.0,15.0,269.599,37.85887,-123.674038
第26位独立（220 种组合）,顺时针−偏角,5.0,16.0,269.599,37.856417,-123.791316
第26位独立（220 种组合）,顺时针−偏角,5.0,17.0,269.599,37.853848,-123.908587
第26位独立（220 种组合）,顺时针−偏角,5.0,18.0,269.599,37.851162,-124.025849
第26位独立（220 种组合）,顺时针−偏角,5.0,19.0,269.599,37.84836,-124.143102
第26位独立（220 种组合）,顺时针−偏角,5.0,20.0,269.599,37.845442,-124.260346
第26位独立（220 种组合）,顺时针−偏角,5.5,20.0,298.247,38.740045,-124.006525
第26位独立（220 种组合）,顺时针−偏角,6.0,2.0,326.895,38.036811,-122.042623
第26位独立（220 种组合）,顺时针−偏角,6.0,3.0,326.895,38.114316,-122.107061
第26位独立（220 种组合）,顺时针−偏角,6.0,3.5,326.895,38.153055,-122.139331
第26位独立（220 种组合）,顺时针−偏角,6.0,4.0,326.895,38.191785,-122.171636
第26位独立（220 种组合）,顺时针−偏角,6.0,4.25,326.895,38.211146,-122.187801
第26位独立（220 种组合）,顺时针−偏角,6.0,10.0,326.895,38.655848,-122.561994
第26位独立（220 种组合）,顺时针−偏角,6.0,12.0,326.895,38.810246,-122.693237
第26位独立（220 种组合）,顺时针−偏角,6.0,18.0,326.895,39.272549,-123.090404
第26位独立（220 种组合）,顺时针−偏角,6.0,20.0,326.895,39.426348,-123.223956
第26位独立（220 种组合）,顺时针−偏角,6.5,10.0,355.543,38.805142,-122.00653
第26位独立（220 种组合）,顺时针−偏角,6.5,20.0,355.543,39.728512,-122.101331
第26位独立（220 种组合）,顺时针−偏角,7.0,5.0,24.19,38.303923,-121.672315
第26位独立（220 种组合）,顺时针−偏角,7.0,8.0,24.19,38.557018,-121.525857
第26位独立（220 种组合）,顺时针−偏角,7.0,9.0,24.19,38.641342,-121.476808
第26位独立（220 种组合）,顺时针−偏角,7.0,11.0,24.19,38.809929,-121.378364
第26位独立（220 种组合）,顺时针−偏角,7.0,12.0,24.19,38.894191,-121.328967
第26位独立（220 种组合）,顺时针−偏角,7.0,18.0,24.19,39.399323,-121.0301
第26位独立（220 种组合）,顺时针−偏角,7.0,20.0,24.19,39.56753,-120.929517
第26位独立（220 种组合）,顺时针−偏角,7.5,1.0,52.838,37.937614,-121.820557
第26位独立（220 种组合）,顺时针−偏角,7.5,5.0,52.838,38.160535,-121.44474
第26位独立（220 种组合）,顺时针−偏角,7.5,9.0,52.838,38.382251,-121.066623
第26位独立（220 种组合）,顺时针−偏角,8.0,3.0,81.486,37.922325,-121.565768
第26位独立（220 种组合）,顺时针−偏角,8.0,7.0,81.486,37.974894,-121.100663
第26位独立（220 种组合）,顺时针−偏角,8.0,11.0,81.486,38.025629,-120.634902
第26位独立（220 种组合）,顺时针−偏角,8.0,12.0,81.486,38.038026,-120.518362
第26位独立（220 种组合）,顺时针−偏角,8.0,18.0,81.486,38.109986,-119.818308
第26位独立（220 种组合）,顺时针−偏角,8.0,20.0,81.486,38.133048,-119.584656
第26位独立（220 种组合）,顺时针−偏角,8.5,3.0,110.134,37.785583,-121.584027
第26位独立（220 种组合）,顺时针−偏角,8.5,7.0,110.134,37.656003,-121.145197
第26位独立（220 种组合）,顺时针−偏角,9.0,1.0,138.782,37.811997,-121.836898
第26位独立（220 种组合）,顺时针−偏角,9.0,2.0,138.782,37.742246,-121.759787
第26位独立（220 种组合）,顺时针−偏角,9.0,3.0,138.782,37.672444,-121.682821
第26位独立（220 种组合）,顺时针−偏角,9.0,4.0,138.782,37.602593,-121.606
第26位独立（220 种组合）,顺时针−偏角,9.0,5.0,138.782,37.532692,-121.529322
第26位独立（220 种组合）,顺时针−偏角,9.0,6.0,138.782,37.462741,-121.452789
第26位独立（220 种组合）,顺时针−偏角,9.0,7.0,138.782,37.392741,-121.376399
第26位独立（220 种组合）,顺时针−偏角,9.0,7.5,138.782,37.357723,-121.338257
第26位独立（220 种组合）,顺时针−偏角,9.0,8.0,138.782,37.322692,-121.300151
第26位独立（220 种组合）,顺时针−偏角,9.0,9.0,138.782,37.252595,-121.224045
第26位独立（220 种组合）,顺时针−偏角,9.0,9.5,138.782,37.217528,-121.186046
第26位独立（220 种组合）,顺时针−偏角,9.0,10.0,138.782,37.182448,-121.148081
第26位独立（220 种组合）,顺时针−偏角,9.0,10.5,138.782,37.147357,-121.110152
第26位独立（220 种组合）,顺时针−偏角,9.0,11.0,138.782,37.112254,-121.072258
第26位独立（220 种组合）,顺时针−偏角,9.0,12.0,138.782,37.042011,-120.996575
第26位独立（220 种组合）,顺时针−偏角,9.0,13.0,138.782,36.97172,-120.921033
第26位独立（220 种组合）,顺时针−偏角,9.0,14.0,138.782,36.901381,-120.845629
第26位独立（220 种组合）,顺时针−偏角,9.0,15.0,138.782,36.830995,-120.770365
第26位独立（220 种组合）,顺时针−偏角,9.0,16.0,138.782,36.760562,-120.695239
第26位独立（220 种组合）,顺时针−偏角,9.0,17.0,138.782,36.690081,-120.620251
第26位独立（220 种组合）,顺时针−偏角,9.0,18.0,138.782,36.619553,-120.545401
第26位独立（220 种组合）,顺时针−偏角,9.0,19.0,138.782,36.548979,-120.470687
第26位独立（220 种组合）,顺时针−偏角,9.0,20.0,138.782,36.478358,-120.39611
第26位独立（220 种组合）,顺时针−偏角,9.5,9.0,167.43,37.067806,-121.686783
第26位独立（220 种组合）,顺时针−偏角,9.5,20.0,167.43,36.072476,-121.415418
第26位独立（220 种组合）,顺时针−偏角,10.0,1.25,196.078,37.770434,-121.95472
第26位独立（220 种组合）,顺时针−偏角,10.0,1.5,196.078,37.74818,-121.962819
第26位独立（220 种组合）,顺时针−偏角,10.0,2.0,196.078,37.70367,-121.979001
第26位独立（220 种组合）,顺时针−偏角,10.0,2.5,196.078,37.659157,-121.995164
第26位独立（220 种组合）,顺时针−偏角,10.0,3.0,196.078,37.614642,-122.011307
第26位独立（220 种组合）,顺时针−偏角,10.0,3.5,196.078,37.570125,-122.027432
第26位独立（220 种组合）,顺时针−偏角,10.0,4.0,196.078,37.525606,-122.043537
第26位独立（220 种组合）,顺时针−偏角,10.0,4.25,196.078,37.503346,-122.051582
第26位独立（220 种组合）,顺时针−偏角,10.0,5.0,196.078,37.436561,-122.075689
第26位独立（220 种组合）,顺时针−偏角,10.0,6.5,196.078,37.302977,-122.123774
第26位独立（220 种组合）,顺时针−偏角,10.0,9.0,196.078,37.080295,-122.203538
第26位独立（220 种组合）,顺时针−偏角,10.0,9.5,196.078,37.035752,-122.219434
第26位独立（220 种组合）,顺时针−偏角,10.0,10.0,196.078,36.991207,-122.235312
第26位独立（220 种组合）,顺时针−偏角,10.0,10.5,196.078,36.94666,-122.251171
第26位独立（220 种组合）,顺时针−偏角,10.0,12.0,196.078,36.813006,-122.298638
第26位独立（220 种组合）,顺时针−偏角,10.0,15.0,196.078,36.545642,-122.393076
第26位独立（220 种组合）,顺时针−偏角,10.0,16.0,196.078,36.456504,-122.42441
第26位独立（220 种组合）,顺时针−偏角,10.0,18.0,196.078,36.278204,-122.486863
第26位独立（220 种组合）,顺时针−偏角,10.0,20.0,196.078,36.099872,-122.549031
第26位独立（220 种组合）,顺时针−偏角,10.25,5.0,210.402,37.48187,-122.209507
第26位独立（220 种组合）,顺时针−偏角,10.25,9.0,210.402,37.161482,-122.44352
第26位独立（220 种组合）,顺时针−偏角,10.5,5.0,224.726,37.551927,-122.325251
第26位独立（220 种组合）,顺时针−偏角,10.5,9.0,224.726,37.287092,-122.651512
第26位独立（220 种组合）,顺时针−偏角,10.5,10.0,224.726,37.220744,-122.732718
第26位独立（220 种组合）,顺时针−偏角,10.5,20.0,224.726,36.554255,-123.537001
第26位独立（220 种组合）,顺时针−偏角,11.0,3.0,253.374,37.801706,-122.251143
第26位独立（220 种组合）,顺时针−偏角,11.0,7.0,253.374,37.693561,-122.69932
第26位独立（220 种组合）,顺时针−偏角,11.0,12.0,253.374,37.556004,-123.257688
第26位独立（220 种组合）,顺时针−偏角,11.0,18.0,253.374,37.387478,-123.924987
第26位独立（220 种组合）,顺时针−偏角,11.0,20.0,253.374,37.330472,-124.146749
第26位独立（220 种组合）,顺时针−偏角,12.0,12.0,310.669,38.60118,-122.992942
第26位独立（220 种组合）,顺时针−偏角,12.0,18.0,310.669,38.957161,-123.540428
第26位独立（220 种组合）,顺时针−偏角,12.0,20.0,310.669,39.07525,-123.724143
第26位独立（220 种组合）,顺时针−偏角,13.0,1.0,7.965,37.973431,-121.897872
第26位独立（220 种组合）,顺时针−偏角,13.0,2.0,7.965,38.065162,-121.881549
第26位独立（220 种组合）,顺时针−偏角,13.0,6.0,7.965,38.432065,-121.815843
第26位独立（220 种组合）,顺时针−偏角,13.0,10.0,7.965,38.79893,-121.749466
第26位独立（220 种组合）,顺时针−偏角,13.0,11.0,7.965,38.89064,-121.732766
第26位独立（220 种组合）,顺时针−偏角,13.0,12.0,7.965,38.982348,-121.716021
第26位独立（220 种组合）,顺时针−偏角,13.0,18.0,7.965,39.532545,-121.614636
第26位独立（220 种组合）,顺时针−偏角,13.0,20.0,7.965,39.715924,-121.580484
第26位独立（220 种组合）,顺时针−偏角,14.0,10.0,65.261,38.26449,-120.842676
第26位独立（220 种组合）,顺时针−偏角,14.0,11.0,65.261,38.302232,-120.734911
第26位独立（220 种组合）,顺时针−偏角,14.0,12.0,65.261,38.339875,-120.627034
第26位独立（220 种组合）,顺时针−偏角,14.0,18.0,65.261,38.563647,-119.977423
第26位独立（220 种组合）,顺时针−偏角,14.0,20.0,65.261,38.637438,-119.759991
第26位独立（220 种组合）,顺时针−偏角,15.0,10.0,122.557,37.379139,-120.931655
第26位独立（220 种组合）,顺时针−偏角,15.0,18.0,122.557,36.971306,-120.155157
第26位独立（220 种组合）,顺时针−偏角,15.0,20.0,122.557,36.868562,-119.962338
第26位独立（220 种组合）,顺时针−偏角,16.0,10.0,179.852,36.955419,-121.91117
第26位独立（220 种组合）,顺时针−偏角,16.0,18.0,179.852,36.214395,-121.908835
第26位独立（220 种组合）,顺时针−偏角,16.0,20.0,179.852,36.02914,-121.908258
第26位独立（220 种组合）,顺时针−偏角,17.0,5.0,237.148,37.629437,-122.405426
第26位独立（220 种组合）,顺时针−偏角,17.0,9.0,237.148,37.42617,-122.796039
第26位独立（220 种组合）,顺时针−偏角,17.0,12.0,237.148,37.27288,-123.087605
第26位独立（220 种组合）,顺时针−偏角,17.0,20.0,237.148,36.860643,-123.859325
第26位独立（220 种组合）,顺时针−偏角,18.0,3.0,294.444,37.996252,-122.235171
第26位独立（220 种组合）,顺时针−偏角,18.0,7.0,294.444,38.147628,-122.664749
第26位独立（220 种组合）,顺时针−偏角,18.0,10.0,294.444,38.260131,-122.988098
第26位独立（220 种组合）,顺时针−偏角,18.0,11.0,294.444,38.297434,-123.096104
第26位独立（220 种组合）,顺时针−偏角,18.0,12.0,294.444,38.334638,-123.20422
第26位独立（220 种组合）,顺时针−偏角,18.0,18.0,294.444,38.555768,-123.855245
第26位独立（220 种组合）,顺时针−偏角,18.0,20.0,294.444,38.628674,-124.07314
第26位独立（220 种组合）,顺时针−偏角,19.0,10.0,351.74,38.798248,-122.084901
第26位独立（220 种组合）,顺时针−偏角,19.0,11.0,351.74,38.889889,-122.102216
第26位独立（220 种组合）,顺时针−偏角,19.0,12.0,351.74,38.981528,-122.119576
第26位独立（220 种组合）,顺时针−偏角,19.0,18.0,351.74,39.531305,-122.224688
第26位独立（220 种组合）,顺时针−偏角,19.0,20.0,351.74,39.714543,-122.260096
第26位独立（220 种组合）,顺时针−偏角,20.0,1.0,49.036,37.942391,-121.825463
第26位独立（220 种组合）,顺时针−偏角,20.0,1.5,49.036,37.972712,-121.781062
第26位独立（220 种组合）,顺时针−偏角,20.0,2.0,49.036,38.003017,-121.736624
第26位独立（220 种组合）,顺时针−偏角,20.0,2.5,49.036,38.033305,-121.69215
第26位独立（220 种组合）,顺时针−偏角,20.0,3.0,49.036,38.063576,-121.647639
第26位独立（220 种组合）,顺时针−偏角,20.0,4.0,49.036,38.124068,-121.558506
第26位独立（220 种组合）,顺时针−偏角,20.0,5.0,49.036,38.184493,-121.469225
第26位独立（220 种组合）,顺时针−偏角,20.0,6.0,49.036,38.24485,-121.379797
第26位独立（220 种组合）,顺时针−偏角,20.0,6.5,49.036,38.275003,-121.335027
第26位独立（220 种组合）,顺时针−偏角,20.0,7.0,49.036,38.305139,-121.290219
第26位独立（220 种组合）,顺时针−偏角,20.0,8.0,49.036,38.365359,-121.200493
第26位独立（220 种组合）,顺时针−偏角,20.0,9.0,49.036,38.425511,-121.110618
第26位独立（220 种组合）,顺时针−偏角,20.0,10.0,49.036,38.485595,-121.020592
第26位独立（220 种组合）,顺时针−偏角,20.0,10.5,49.036,38.515611,-120.975523
第26位独立（220 种组合）,顺时针−偏角,20.0,11.0,49.036,38.545609,-120.930417
第26位独立（220 种组合）,顺时针−偏角,20.0,12.0,49.036,38.605554,-120.840091
第26位独立（220 种组合）,顺时针−偏角,20.0,13.0,49.036,38.66543,-120.749614
第26位独立（220 种组合）,顺时针−偏角,20.0,14.0,49.036,38.725236,-120.658986
第26位独立（220 种组合）,顺时针−偏角,20.0,15.0,49.036,38.784972,-120.568206
第26位独立（220 种组合）,顺时针−偏角,20.0,16.0,49.036,38.844637,-120.477273
第26位独立（220 种组合）,顺时针−偏角,20.0,17.0,49.036,38.904232,-120.386189
第26位独立（220 种组合）,顺时针−偏角,20.0,18.0,49.036,38.963755,-120.294951
第26位独立（220 种组合）,顺时针−偏角,20.0,19.0,49.036,39.023208,-120.20356
第26位独立（220 种组合）,顺时针−偏角,20.0,20.0,49.036,39.082589,-120.112015
第26位独立（220 种组合）,逆时针+偏角,1.0,2.0,319.584,38.022646,-122.06662
第26位独立（220 种组合）,逆时针+偏角,1.0,3.0,319.584,38.093047,-122.143073
第26位独立（220 种组合）,逆时针+偏角,1.0,3.5,319.584,38.128228,-122.181354
第26位独立（220 种组合）,逆时针+偏角,1.0,4.0,319.584,38.163397,-122.219673
第26位独立（220 种组合）,逆时针+偏角,1.0,4.25,319.584,38.180977,-122.238846
第26位独立（220 种组合）,逆时针+偏角,1.0,7.5,319.584,38.409231,-122.488941
第26位独立（220 种组合）,逆时针+偏角,1.0,8.5,319.584,38.479355,-122.566211
第26位独立（220 种组合）,逆时针+偏角,1.0,10.0,319.584,38.584447,-122.682398
第26位独立（220 种组合）,逆时针+偏角,1.0,10.25,319.584,38.601951,-122.701796
第26位独立（220 种组合）,逆时针+偏角,1.0,12.0,319.584,38.724389,-122.837844
第26位独立（220 种组合）,逆时针+偏角,1.0,18.0,319.584,39.14297,-123.307858
第26位独立（220 种组合）,逆时针+偏角,1.0,20.0,319.584,39.282074,-123.46577
第26位独立（220 种组合）,逆时针+偏角,1.5,10.0,290.936,38.20757,-123.01516
第26位独立（220 种组合）,逆时针+偏角,1.5,20.0,290.936,38.523068,-124.12591
第26位独立（220 种组合）,逆时针+偏角,2.0,2.0,262.288,37.85661,-122.146669
第26位独立（220 种组合）,逆时针+偏角,2.0,3.0,262.288,37.843895,-122.262866
第26位独立（220 种组合）,逆时针+偏角,2.0,3.5,262.288,37.837495,-122.32095
第26位独立（220 种组合）,逆时针+偏角,2.0,4.0,262.288,37.831066,-122.379023
第26位独立（220 种组合）,逆时针+偏角,2.0,4.25,262.288,37.827841,-122.408056
第26位独立（220 种组合）,逆时针+偏角,2.0,10.0,262.288,37.751699,-123.075102
第26位独立（220 种组合）,逆时针+偏角,2.0,12.0,262.288,37.724334,-123.306792
第26位独立（220 种组合）,逆时针+偏角,2.0,18.0,262.288,37.639526,-124.000816
第26位独立（220 种组合）,逆时针+偏角,2.0,20.0,262.288,37.610354,-124.2318
第26位独立（220 种组合）,逆时针+偏角,2.5,10.0,233.641,37.328818,-122.852256
第26位独立（220 种组合）,逆时针+偏角,2.5,20.0,233.641,36.768641,-123.776562
第26位独立（220 种组合）,逆时针+偏角,3.0,3.0,204.993,37.629741,-122.062401
第26位独立（220 种组合）,逆时针+偏角,3.0,8.0,204.993,37.209404,-122.307257
第26位独立（220 种组合）,逆时针+偏角,3.0,11.0,204.993,36.956962,-122.452864
第26位独立（220 种组合）,逆时针+偏角,3.0,12.0,204.993,36.872775,-122.501185
第26位独立（220 种组合）,逆时针+偏角,3.0,18.0,204.993,36.367249,-122.788895
第26位独立（220 种组合）,逆时针+偏角,3.0,20.0,204.993,36.198588,-122.883966
第26位独立（220 种组合）,逆时针+偏角,4.0,1.0,147.697,37.803389,-121.851506
第26位独立（220 种组合）,逆时针+偏角,4.0,2.0,147.697,37.725047,-121.788989
第26位独立（220 种组合）,逆时针+偏角,4.0,3.0,147.697,37.646672,-121.726605
第26位独立（220 种组合）,逆时针+偏角,4.0,4.0,147.697,37.568264,-121.664352
第26位独立（220 种组合）,逆时针+偏角,4.0,5.0,147.697,37.489823,-121.60223
第26位独立（220 种组合）,逆时针+偏角,4.0,6.0,147.697,37.41135,-121.540239
第26位独立（220 种组合）,逆时针+偏角,4.0,7.0,147.697,37.332845,-121.478377
第26位独立（220 种组合）,逆时针+偏角,4.0,8.0,147.697,37.254308,-121.416644
第26位独立（220 种组合）,逆时针+偏角,4.0,9.0,147.697,37.175738,-121.35504
第26位独立（220 种组合）,逆时针+偏角,4.0,10.0,147.697,37.097137,-121.293564
第26位独立（220 种组合）,逆时针+偏角,4.0,12.0,147.697,36.93984,-121.170994
第26位独立（220 种组合）,逆时针+偏角,4.0,13.0,147.697,36.861144,-121.109899
第26位独立（220 种组合）,逆时针+偏角,4.0,14.0,147.697,36.782418,-121.048929
第26位独立（220 种组合）,逆时针+偏角,4.0,15.0,147.697,36.70366,-120.988085
第26位独立（220 种组合）,逆时针+偏角,4.0,16.0,147.697,36.624871,-120.927365
第26位独立（220 种组合）,逆时针+偏角,4.0,18.0,147.697,36.467201,-120.806297
第26位独立（220 种组合）,逆时针+偏角,4.0,19.0,147.697,36.38832,-120.745948
第26位独立（220 种组合）,逆时针+偏角,4.0,20.0,147.697,36.309409,-120.685721
第26位独立（220 种组合）,逆时针+偏角,4.5,2.0,119.049,37.791567,-121.709216
第26位独立（220 种组合）,逆时针+偏角,4.5,20.0,119.049,36.9647,-119.887166
第26位独立（220 种组合）,逆时针+偏角,5.0,1.0,90.401,37.880991,-121.796801
第26位独立（220 种组合）,逆时针+偏角,5.0,2.0,90.401,37.880168,-121.67945
第26位独立（220 种组合）,逆时针+偏角,5.0,3.0,90.401,37.879228,-121.562101
第26位独立（220 种组合）,逆时针+偏角,5.0,4.0,90.401,37.878172,-121.444756
第26位独立（220 种组合）,逆时针+偏角,5.0,5.0,90.401,37.877,-121.327414
第26位独立（220 种组合）,逆时针+偏角,5.0,6.0,90.401,37.87571,-121.210076
第26位独立（220 种组合）,逆时针+偏角,5.0,7.0,90.401,37.874305,-121.092742
第26位独立（220 种组合）,逆时针+偏角,5.0,7.5,90.401,37.873559,-121.034077
第26位独立（220 种组合）,逆时针+偏角,5.0,8.0,90.401,37.872783,-120.975413
第26位独立（220 种组合）,逆时针+偏角,5.0,9.0,90.401,37.871145,-120.858089
第26位独立（220 种组合）,逆时针+偏角,5.0,10.0,90.401,37.86939,-120.740771
第26位独立（220 种组合）,逆时针+偏角,5.0,10.5,90.401,37.868469,-120.682114
第26位独立（220 种组合）,逆时针+偏角,5.0,11.0,90.401,37.867519,-120.623458
第26位独立（220 种组合）,逆时针+偏角,5.0,12.0,90.401,37.865531,-120.506151
第26位独立（220 种组合）,逆时针+偏角,5.0,13.0,90.401,37.863427,-120.388851
第26位独立（220 种组合）,逆时针+偏角,5.0,14.0,90.401,37.861207,-120.271558
第26位独立（220 种组合）,逆时针+偏角,5.0,15.0,90.401,37.85887,-120.154272
第26位独立（220 种组合）,逆时针+偏角,5.0,16.0,90.401,37.856417,-120.036993
第26位独立（220 种组合）,逆时针+偏角,5.0,17.0,90.401,37.853848,-119.919723
第26位独立（220 种组合）,逆时针+偏角,5.0,18.0,90.401,37.851162,-119.802461
第26位独立（220 种组合）,逆时针+偏角,5.0,19.0,90.401,37.84836,-119.685208
第26位独立（220 种组合）,逆时针+偏角,5.0,20.0,90.401,37.845442,-119.567964
第26位独立（220 种组合）,逆时针+偏角,5.5,20.0,61.753,38.740045,-119.821785
第26位独立（220 种组合）,逆时针+偏角,6.0,2.0,33.105,38.036811,-121.785687
第26位独立（220 种组合）,逆时针+偏角,6.0,3.0,33.105,38.114316,-121.721249
第26位独立（220 种组合）,逆时针+偏角,6.0,3.5,33.105,38.153055,-121.688979
第26位独立（220 种组合）,逆时针+偏角,6.0,4.0,33.105,38.191785,-121.656674
第26位独立（220 种组合）,逆时针+偏角,6.0,4.25,33.105,38.211146,-121.640509
第26位独立（220 种组合）,逆时针+偏角,6.0,10.0,33.105,38.655848,-121.266316
第26位独立（220 种组合）,逆时针+偏角,6.0,12.0,33.105,38.810246,-121.135073
第26位独立（220 种组合）,逆时针+偏角,6.0,18.0,33.105,39.272549,-120.737906
第26位独立（220 种组合）,逆时针+偏角,6.0,20.0,33.105,39.426348,-120.604354
第26位独立（220 种组合）,逆时针+偏角,6.5,10.0,4.457,38.805142,-121.82178
第26位独立（220 种组合）,逆时针+偏角,6.5,20.0,4.457,39.728512,-121.726979
第26位独立（220 种组合）,逆时针+偏角,7.0,5.0,335.81,38.303923,-122.155995
第26位独立（220 种组合）,逆时针+偏角,7.0,8.0,335.81,38.557018,-122.302453
第26位独立（220 种组合）,逆时针+偏角,7.0,9.0,335.81,38.641342,-122.351502
第26位独立（220 种组合）,逆时针+偏角,7.0,11.0,335.81,38.809929,-122.449946
第26位独立（220 种组合）,逆时针+偏角,7.0,12.0,335.81,38.894191,-122.499343
第26位独立（220 种组合）,逆时针+偏角,7.0,18.0,335.81,39.399323,-122.79821
第26位独立（220 种组合）,逆时针+偏角,7.0,20.0,335.81,39.56753,-122.898793
第26位独立（220 种组合）,逆时针+偏角,7.5,1.0,307.162,37.937614,-122.007753
第26位独立（220 种组合）,逆时针+偏角,7.5,5.0,307.162,38.160535,-122.38357
第26位独立（220 种组合）,逆时针+偏角,7.5,9.0,307.162,38.382251,-122.761687
第26位独立（220 种组合）,逆时针+偏角,8.0,3.0,278.514,37.922325,-122.262542
第26位独立（220 种组合）,逆时针+偏角,8.0,7.0,278.514,37.974894,-122.727647
第26位独立（220 种组合）,逆时针+偏角,8.0,11.0,278.514,38.025629,-123.193408
第26位独立（220 种组合）,逆时针+偏角,8.0,12.0,278.514,38.038026,-123.309948
第26位独立（220 种组合）,逆时针+偏角,8.0,18.0,278.514,38.109986,-124.010002
第26位独立（220 种组合）,逆时针+偏角,8.0,20.0,278.514,38.133048,-124.243654
第26位独立（220 种组合）,逆时针+偏角,8.5,3.0,249.866,37.785583,-122.244283
第26位独立（220 种组合）,逆时针+偏角,8.5,7.0,249.866,37.656003,-122.683113
第26位独立（220 种组合）,逆时针+偏角,9.0,1.0,221.218,37.811997,-121.991412
第26位独立（220 种组合）,逆时针+偏角,9.0,2.0,221.218,37.742246,-122.068523
第26位独立（220 种组合）,逆时针+偏角,9.0,3.0,221.218,37.672444,-122.145489
第26位独立（220 种组合）,逆时针+偏角,9.0,4.0,221.218,37.602593,-122.22231
第26位独立（220 种组合）,逆时针+偏角,9.0,5.0,221.218,37.532692,-122.298988
第26位独立（220 种组合）,逆时针+偏角,9.0,6.0,221.218,37.462741,-122.375521
第26位独立（220 种组合）,逆时针+偏角,9.0,7.0,221.218,37.392741,-122.451911
第26位独立（220 种组合）,逆时针+偏角,9.0,7.5,221.218,37.357723,-122.490053
第26位独立（220 种组合）,逆时针+偏角,9.0,8.0,221.218,37.322692,-122.528159
第26位独立（220 种组合）,逆时针+偏角,9.0,9.0,221.218,37.252595,-122.604265
第26位独立（220 种组合）,逆时针+偏角,9.0,9.5,221.218,37.217528,-122.642264
第26位独立（220 种组合）,逆时针+偏角,9.0,10.0,221.218,37.182448,-122.680229
第26位独立（220 种组合）,逆时针+偏角,9.0,10.5,221.218,37.147357,-122.718158
第26位独立（220 种组合）,逆时针+偏角,9.0,11.0,221.218,37.112254,-122.756052
第26位独立（220 种组合）,逆时针+偏角,9.0,12.0,221.218,37.042011,-122.831735
第26位独立（220 种组合）,逆时针+偏角,9.0,13.0,221.218,36.97172,-122.907277
第26位独立（220 种组合）,逆时针+偏角,9.0,14.0,221.218,36.901381,-122.982681
第26位独立（220 种组合）,逆时针+偏角,9.0,15.0,221.218,36.830995,-123.057945
第26位独立（220 种组合）,逆时针+偏角,9.0,16.0,221.218,36.760562,-123.133071
第26位独立（220 种组合）,逆时针+偏角,9.0,17.0,221.218,36.690081,-123.208059
第26位独立（220 种组合）,逆时针+偏角,9.0,18.0,221.218,36.619553,-123.282909
第26位独立（220 种组合）,逆时针+偏角,9.0,19.0,221.218,36.548979,-123.357623
第26位独立（220 种组合）,逆时针+偏角,9.0,20.0,221.218,36.478358,-123.4322
第26位独立（220 种组合）,逆时针+偏角,9.5,9.0,192.57,37.067806,-122.141527
第26位独立（220 种组合）,逆时针+偏角,9.5,20.0,192.57,36.072476,-122.412892
第26位独立（220 种组合）,逆时针+偏角,10.0,1.25,163.922,37.770434,-121.87359
第26位独立（220 种组合）,逆时针+偏角,10.0,1.5,163.922,37.74818,-121.865491
第26位独立（220 种组合）,逆时针+偏角,10.0,2.0,163.922,37.70367,-121.849309
第26位独立（220 种组合）,逆时针+偏角,10.0,2.5,163.922,37.659157,-121.833146
第26位独立（220 种组合）,逆时针+偏角,10.0,3.0,163.922,37.614642,-121.817003
第26位独立（220 种组合）,逆时针+偏角,10.0,3.5,163.922,37.570125,-121.800878
第26位独立（220 种组合）,逆时针+偏角,10.0,4.0,163.922,37.525606,-121.784773
第26位独立（220 种组合）,逆时针+偏角,10.0,4.25,163.922,37.503346,-121.776728
第26位独立（220 种组合）,逆时针+偏角,10.0,5.0,163.922,37.436561,-121.752621
第26位独立（220 种组合）,逆时针+偏角,10.0,6.5,163.922,37.302977,-121.704536
第26位独立（220 种组合）,逆时针+偏角,10.0,9.0,163.922,37.080295,-121.624772
第26位独立（220 种组合）,逆时针+偏角,10.0,9.5,163.922,37.035752,-121.608876
第26位独立（220 种组合）,逆时针+偏角,10.0,10.0,163.922,36.991207,-121.592998
第26位独立（220 种组合）,逆时针+偏角,10.0,10.5,163.922,36.94666,-121.577139
第26位独立（220 种组合）,逆时针+偏角,10.0,12.0,163.922,36.813006,-121.529672
第26位独立（220 种组合）,逆时针+偏角,10.0,15.0,163.922,36.545642,-121.435234
第26位独立（220 种组合）,逆时针+偏角,10.0,16.0,163.922,36.456504,-121.4039
第26位独立（220 种组合）,逆时针+偏角,10.0,18.0,163.922,36.278204,-121.341447
第26位独立（220 种组合）,逆时针+偏角,10.0,20.0,163.922,36.099872,-121.279279
第26位独立（220 种组合）,逆时针+偏角,10.25,5.0,149.598,37.48187,-121.618803
第26位独立（220 种组合）,逆时针+偏角,10.25,9.0,149.598,37.161482,-121.38479
第26位独立（220 种组合）,逆时针+偏角,10.5,5.0,135.274,37.551927,-121.503059
第26位独立（220 种组合）,逆时针+偏角,10.5,9.0,135.274,37.287092,-121.176798
第26位独立（220 种组合）,逆时针+偏角,10.5,10.0,135.274,37.220744,-121.095592
第26位独立（220 种组合）,逆时针+偏角,10.5,20.0,135.274,36.554255,-120.291309
第26位独立（220 种组合）,逆时针+偏角,11.0,3.0,106.626,37.801706,-121.577167
第26位独立（220 种组合）,逆时针+偏角,11.0,7.0,106.626,37.693561,-121.12899
第26位独立（220 种组合）,逆时针+偏角,11.0,12.0,106.626,37.556004,-120.570622
第26位独立（220 种组合）,逆时针+偏角,11.0,18.0,106.626,37.387478,-119.903323
第26位独立（220 种组合）,逆时针+偏角,11.0,20.0,106.626,37.330472,-119.681561
第26位独立（220 种组合）,逆时针+偏角,12.0,12.0,49.331,38.60118,-120.835368
第26位独立（220 种组合）,逆时针+偏角,12.0,18.0,49.331,38.957161,-120.287882
第26位独立（220 种组合）,逆时针+偏角,12.0,20.0,49.331,39.07525,-120.104167
第26位独立（220 种组合）,逆时针+偏角,13.0,1.0,352.035,37.973431,-121.930438
第26位独立（220 种组合）,逆时针+偏角,13.0,2.0,352.035,38.065162,-121.946761
第26位独立（220 种组合）,逆时针+偏角,13.0,6.0,352.035,38.432065,-122.012467
第26位独立（220 种组合）,逆时针+偏角,13.0,10.0,352.035,38.79893,-122.078844
第26位独立（220 种组合）,逆时针+偏角,13.0,11.0,352.035,38.89064,-122.095544
第26位独立（220 种组合）,逆时针+偏角,13.0,12.0,352.035,38.982348,-122.112289
第26位独立（220 种组合）,逆时针+偏角,13.0,18.0,352.035,39.532545,-122.213674
第26位独立（220 种组合）,逆时针+偏角,13.0,20.0,352.035,39.715924,-122.247826
第26位独立（220 种组合）,逆时针+偏角,14.0,10.0,294.739,38.26449,-122.985634
第26位独立（220 种组合）,逆时针+偏角,14.0,11.0,294.739,38.302232,-123.093399
第26位独立（220 种组合）,逆时针+偏角,14.0,12.0,294.739,38.339875,-123.201276
第26位独立（220 种组合）,逆时针+偏角,14.0,18.0,294.739,38.563647,-123.850887
第26位独立（220 种组合）,逆时针+偏角,14.0,20.0,294.739,38.637438,-124.068319
第26位独立（220 种组合）,逆时针+偏角,15.0,10.0,237.443,37.379139,-122.896655
第26位独立（220 种组合）,逆时针+偏角,15.0,18.0,237.443,36.971306,-123.673153
第26位独立（220 种组合）,逆时针+偏角,15.0,20.0,237.443,36.868562,-123.865972
第26位独立（220 种组合）,逆时针+偏角,16.0,10.0,180.148,36.955419,-121.91714
第26位独立（220 种组合）,逆时针+偏角,16.0,18.0,180.148,36.214395,-121.919475
第26位独立（220 种组合）,逆时针+偏角,16.0,20.0,180.148,36.02914,-121.920052
第26位独立（220 种组合）,逆时针+偏角,17.0,5.0,122.852,37.629437,-121.422884
第26位独立（220 种组合）,逆时针+偏角,17.0,9.0,122.852,37.42617,-121.032271
第26位独立（220 种组合）,逆时针+偏角,17.0,12.0,122.852,37.27288,-120.740705
第26位独立（220 种组合）,逆时针+偏角,17.0,20.0,122.852,36.860643,-119.968985
第26位独立（220 种组合）,逆时针+偏角,18.0,3.0,65.556,37.996252,-121.593139
第26位独立（220 种组合）,逆时针+偏角,18.0,7.0,65.556,38.147628,-121.163561
第26位独立（220 种组合）,逆时针+偏角,18.0,10.0,65.556,38.260131,-120.840212
第26位独立（220 种组合）,逆时针+偏角,18.0,11.0,65.556,38.297434,-120.732206
第26位独立（220 种组合）,逆时针+偏角,18.0,12.0,65.556,38.334638,-120.62409
第26位独立（220 种组合）,逆时针+偏角,18.0,18.0,65.556,38.555768,-119.973065
第26位独立（220 种组合）,逆时针+偏角,18.0,20.0,65.556,38.628674,-119.75517
第26位独立（220 种组合）,逆时针+偏角,19.0,10.0,8.26,38.798248,-121.743409
第26位独立（220 种组合）,逆时针+偏角,19.0,11.0,8.26,38.889889,-121.726094
第26位独立（220 种组合）,逆时针+偏角,19.0,12.0,8.26,38.981528,-121.708734
第26位独立（220 种组合）,逆时针+偏角,19.0,18.0,8.26,39.531305,-121.603622
第26位独立（220 种组合）,逆时针+偏角,19.0,20.0,8.26,39.714543,-121.568214
第26位独立（220 种组合）,逆时针+偏角,20.0,1.0,310.964,37.942391,-122.002847
第26位独立（220 种组合）,逆时针+偏角,20.0,1.5,310.964,37.972712,-122.047248
第26位独立（220 种组合）,逆时针+偏角,20.0,2.0,310.964,38.003017,-122.091686
第26位独立（220 种组合）,逆时针+偏角,20.0,2.5,310.964,38.033305,-122.13616
第26位独立（220 种组合）,逆时针+偏角,20.0,3.0,310.964,38.063576,-122.180671
第26位独立（220 种组合）,逆时针+偏角,20.0,4.0,310.964,38.124068,-122.269804
第26位独立（220 种组合）,逆时针+偏角,20.0,5.0,310.964,38.184493,-122.359085
第26位独立（220 种组合）,逆时针+偏角,20.0,6.0,310.964,38.24485,-122.448513
第26位独立（220 种组合）,逆时针+偏角,20.0,6.5,310.964,38.275003,-122.493283
第26位独立（220 种组合）,逆时针+偏角,20.0,7.0,310.964,38.305139,-122.538091
第26位独立（220 种组合）,逆时针+偏角,20.0,8.0,310.964,38.365359,-122.627817
第26位独立（220 种组合）,逆时针+偏角,20.0,9.0,310.964,38.425511,-122.717692
第26位独立（220 种组合）,逆时针+偏角,20.0,10.0,310.964,38.485595,-122.807718
第26位独立（220 种组合）,逆时针+偏角,20.0,10.5,310.964,38.515611,-122.852787
第26位独立（220 种组合）,逆时针+偏角,20.0,11.0,310.964,38.545609,-122.897893
第26位独立（220 种组合）,逆时针+偏角,20.0,12.0,310.964,38.605554,-122.988219
第26位独立（220 种组合）,逆时针+偏角,20.0,13.0,310.964,38.66543,-123.078696
第26位独立（220 种组合）,逆时针+偏角,20.0,14.0,310.964,38.725236,-123.169324
第26位独立（220 种组合）,逆时针+偏角,20.0,15.0,310.964,38.784972,-123.260104
第26位独立（220 种组合）,逆时针+偏角,20.0,16.0,310.964,38.844637,-123.351037
第26位独立（220 种组合）,逆时针+偏角,20.0,17.0,310.964,38.904232,-123.442121
第26位独立（220 种组合）,逆时针+偏角,20.0,18.0,310.964,38.963755,-123.533359
第26位独立（220 种组合）,逆时针+偏角,20.0,19.0,310.964,39.023208,-123.62475
第26位独立（220 种组合）,逆时针+偏角,20.0,20.0,310.964,39.082589,-123.716295
第26位独立（220 种组合）,逆时针−偏角,1.0,2.0,285.824,37.931999,-122.14013
第26位独立（220 种组合）,逆时针−偏角,1.0,3.0,285.824,37.956987,-122.253233
第26位独立（220 种组合）,逆时针−偏角,1.0,3.5,285.824,37.969441,-122.309814
第26位独立（220 种组合）,逆时针−偏角,1.0,4.0,285.824,37.981867,-122.366414
第26位独立（220 种组合）,逆时针−偏角,1.0,4.25,285.824,37.98807,-122.394721
第26位独立（220 种组合）,逆时针−偏角,1.0,7.5,285.824,38.068092,-122.763146
第26位独立（220 种组合）,逆时针−偏角,1.0,8.5,285.824,38.092482,-122.876669
第26位独立（220 种组合）,逆时针−偏角,1.0,10.0,285.824,38.128863,-123.047095
第26位独立（220 种组合）,逆时针−偏角,1.0,10.25,285.824,38.134902,-123.075516
第26位独立（220 种组合）,逆时针−偏角,1.0,12.0,285.824,38.176986,-123.274593
第26位独立（220 种组合）,逆时针−偏角,1.0,18.0,285.824,38.318716,-123.958877
第26位独立（220 种组合）,逆时针−偏角,1.0,20.0,285.824,38.365074,-124.187562
第26位独立（220 种组合）,逆时针−偏角,1.5,10.0,257.176,37.670594,-123.055224
第26位独立（220 种组合）,逆时针−偏角,1.5,20.0,257.176,37.448562,-124.189654
第26位独立（220 种组合）,逆时针−偏角,2.0,2.0,228.528,37.758882,-122.089731
第26位独立（220 种组合）,逆时针−偏角,2.0,3.0,228.528,37.697376,-122.177301
第26位独立（220 种组合）,逆时针−偏角,2.0,3.5,228.528,37.666599,-122.221031
第26位独立（220 种组合）,逆时针−偏角,2.0,4.0,228.528,37.635806,-122.264725
第26位独立（220 种组合）,逆时针−偏角,2.0,4.25,228.528,37.620403,-122.286559
第26位独立（220 种组合）,逆时针−偏角,2.0,10.0,228.528,37.265041,-122.786243
第26位独立（220 种组合）,逆时针−偏角,2.0,12.0,228.528,37.140946,-122.958939
第26位独立（220 种组合）,逆时针−偏角,2.0,18.0,228.528,36.767173,-123.473643
第26位独立（220 种组合）,逆时针−偏角,2.0,20.0,228.528,36.642091,-123.644094
第26位独立（220 种组合）,逆时针−偏角,2.5,10.0,199.881,37.009957,-122.308605
第26位独立（220 种组合）,逆时针−偏角,2.5,20.0,199.881,36.136941,-122.694103
第26位独立（220 种组合）,逆时针−偏角,3.0,3.0,171.233,37.607048,-121.86069
第26位独立（220 种组合）,逆时针−偏角,3.0,8.0,171.233,37.149245,-121.772453
第26位独立（220 种组合）,逆时针−偏角,3.0,11.0,171.233,36.874533,-121.720022
第26位独立（220 种组合）,逆时针−偏角,3.0,12.0,171.233,36.782957,-121.702629
第26位独立（220 种组合）,逆时针−偏角,3.0,18.0,171.233,36.233448,-121.599134
第26位独立（220 种组合）,逆时针−偏角,3.0,20.0,171.233,36.050259,-121.564959
第26位独立（220 种组合）,逆时针−偏角,4.0,1.0,113.937,37.844067,-121.806946
第26位独立（220 种组合）,逆时针−偏角,4.0,2.0,113.937,37.806339,-121.699846
第26位独立（220 种组合）,逆时针−偏角,4.0,3.0,113.937,37.768515,-121.592855
第26位独立（220 种组合）,逆时针−偏角,4.0,4.0,113.937,37.730593,-121.485974
第26位独立（220 种组合）,逆时针−偏角,4.0,5.0,113.937,37.692576,-121.379203
第26位独立（220 种组合）,逆时针−偏角,4.0,6.0,113.937,37.654462,-121.272541
第26位独立（220 种组合）,逆时针−偏角,4.0,7.0,113.937,37.616252,-121.165989
第26位独立（220 种组合）,逆时针−偏角,4.0,8.0,113.937,37.577947,-121.059546
第26位独立（220 种组合）,逆时针−偏角,4.0,9.0,113.937,37.539546,-120.953213
第26位独立（220 种组合）,逆时针−偏角,4.0,10.0,113.937,37.50105,-120.846989
第26位独立（220 种组合）,逆时针−偏角,4.0,12.0,113.937,37.423773,-120.634871
第26位独立（220 种组合）,逆时针−偏角,4.0,13.0,113.937,37.384992,-120.528977
第26位独立（220 种组合）,逆时针−偏角,4.0,14.0,113.937,37.346117,-120.423192
第26位独立（220 种组合）,逆时针−偏角,4.0,15.0,113.937,37.307148,-120.317516
第26位独立（220 种组合）,逆时针−偏角,4.0,16.0,113.937,37.268085,-120.211951
第26位独立（220 种组合）,逆时针−偏角,4.0,18.0,113.937,37.189679,-120.001148
第26位独立（220 种组合）,逆时针−偏角,4.0,19.0,113.937,37.150336,-119.895911
第26位独立（220 种组合）,逆时针−偏角,4.0,20.0,113.937,37.1109,-119.790783
第26位独立（220 种组合）,逆时针−偏角,4.5,2.0,85.289,37.896681,-121.680184
第26位独立（220 种组合）,逆时针−偏角,4.5,20.0,85.289,38.010637,-119.570574
第26位独立（220 种组合）,逆时针−偏角,5.0,1.0,56.641,37.932592,-121.816065
第26位独立（220 种组合）,逆时针−偏角,5.0,2.0,56.641,37.983404,-121.717839
第26位独立（220 种组合）,逆时针−偏角,5.0,3.0,56.641,38.034135,-121.619477
第26位独立（220 种组合）,逆时针−偏角,5.0,4.0,56.641,38.084783,-121.520979
第26位独立（220 种组合）,逆时针−偏角,5.0,5.0,56.641,38.135349,-121.422344
第26位独立（220 种组合）,逆时针−偏角,5.0,6.0,56.641,38.185833,-121.323573
第26位独立（220 种组合）,逆时针−偏角,5.0,7.0,56.641,38.236233,-121.224665
第26位独立（220 种组合）,逆时针−偏角,5.0,7.5,56.641,38.261403,-121.17516
第26位独立（220 种组合）,逆时针−偏角,5.0,8.0,56.641,38.286551,-121.12562
第26位独立（220 种组合）,逆时针−偏角,5.0,9.0,56.641,38.336785,-121.026437
第26位独立（220 种组合）,逆时针−偏角,5.0,10.0,56.641,38.386936,-120.927117
第26位独立（220 种组合）,逆时针−偏角,5.0,10.5,56.641,38.41198,-120.877406
第26位独立（220 种组合）,逆时针−偏角,5.0,11.0,56.641,38.437003,-120.827659
第26位独立（220 种组合）,逆时针−偏角,5.0,12.0,56.641,38.486985,-120.728064
第26位独立（220 种组合）,逆时针−偏角,5.0,13.0,56.641,38.536883,-120.62833
第26位独立（220 种组合）,逆时针−偏角,5.0,14.0,56.641,38.586696,-120.528458
第26位独立（220 种组合）,逆时针−偏角,5.0,15.0,56.641,38.636425,-120.428447
第26位独立（220 种组合）,逆时针−偏角,5.0,16.0,56.641,38.686068,-120.328298
第26位独立（220 种组合）,逆时针−偏角,5.0,17.0,56.641,38.735625,-120.228009
第26位独立（220 种组合）,逆时针−偏角,5.0,18.0,56.641,38.785097,-120.127582
第26位独立（220 种组合）,逆时针−偏角,5.0,19.0,56.641,38.834483,-120.027015
第26位独立（220 种组合）,逆时针−偏角,5.0,20.0,56.641,38.883782,-119.926308
第26位独立（220 种组合）,逆时针−偏角,5.5,20.0,27.993,39.512203,-120.787195
第26位独立（220 种组合）,逆时针−偏角,6.0,2.0,359.345,38.066942,-121.916844
第26位独立（220 种组合）,逆时针−偏角,6.0,3.0,359.345,38.159564,-121.918193
第26位独立（220 种组合）,逆时针−偏角,6.0,3.5,359.345,38.205875,-121.918869
第26位独立（220 种组合）,逆时针−偏角,6.0,4.0,359.345,38.252186,-121.919546
第26位独立（220 种组合）,逆时针−偏角,6.0,4.25,359.345,38.275342,-121.919885
第26位独立（220 种组合）,逆时针−偏角,6.0,10.0,359.345,38.807919,-121.927736
第26位独立（220 种组合）,逆时针−偏角,6.0,12.0,359.345,38.993163,-121.930495
第26位独立（220 种组合）,逆时针−偏角,6.0,18.0,359.345,39.548894,-121.938858
第26位独立（220 种组合）,逆时针−偏角,6.0,20.0,359.345,39.734138,-121.941675
第26位独立（220 种组合）,逆时针−偏角,6.5,10.0,330.697,38.68804,-122.49493
第26位独立（220 种组合）,逆时针−偏角,6.5,20.0,330.697,39.491445,-123.088922
第26位独立（220 种组合）,逆时针−偏角,7.0,5.0,302.05,38.126413,-122.413175
第26位独立（220 种组合）,逆时针−偏角,7.0,8.0,302.05,38.272224,-122.71419
第26位独立（220 种组合）,逆时针−偏角,7.0,9.0,302.05,38.320657,-122.814796
第26位独立（220 种组合）,逆时针−偏角,7.0,11.0,302.05,38.417264,-123.016412
第26位独立（220 种组合）,逆时针−偏角,7.0,12.0,302.05,38.465437,-123.117422
第26位独立（220 种组合）,逆时针−偏角,7.0,18.0,302.05,38.752645,-123.726322
第26位独立（220 种组合）,逆时针−偏角,7.0,20.0,302.05,38.847677,-123.930375
第26位独立（220 种组合）,逆时针−偏角,7.5,1.0,273.402,37.887136,-122.031315
第26位独立（220 种组合）,逆时针−偏角,7.5,5.0,273.402,37.907726,-122.500121
第26位独立（220 种组合）,逆时针−偏角,7.5,9.0,273.402,37.926456,-122.969178
第26位独立（220 种组合）,逆时针−偏角,8.0,3.0,244.754,37.76275,-122.232087
第26位独立（220 种组合）,逆时针−偏角,8.0,7.0,244.754,37.602829,-122.654403
第26位独立（220 种组合）,逆时针−偏角,8.0,11.0,244.754,37.44141,-123.074898
第26位独立（220 种组合）,逆时针−偏角,8.0,12.0,244.754,37.400822,-123.179738
第26位独立（220 种组合）,逆时针−偏角,8.0,18.0,244.754,37.155366,-123.806391
第26位独立（220 种组合）,逆时针−偏角,8.0,20.0,244.754,37.072817,-124.014367
第26位独立（220 种组合）,逆时针−偏角,8.5,3.0,216.106,37.657005,-122.120995
第26位独立（220 种组合）,逆时针−偏角,8.5,7.0,216.106,37.356858,-122.394841
第26位独立（220 种组合）,逆时针−偏角,9.0,1.0,187.458,37.789852,-121.929369
第26位独立（220 种组合）,逆时针−偏角,9.0,2.0,187.458,37.698005,-121.944545
第26位独立（220 种组合）,逆时针−偏角,9.0,3.0,187.458,37.606155,-121.959684
第26位独立（220 种组合）,逆时针−偏角,9.0,4.0,187.458,37.514304,-121.974785
第26位独立（220 种组合）,逆时针−偏角,9.0,5.0,187.458,37.42245,-121.989849
第26位独立（220 种组合）,逆时针−偏角,9.0,6.0,187.458,37.330595,-122.004877
第26位独立（220 种组合）,逆时针−偏角,9.0,7.0,187.458,37.238738,-122.019867
第26位独立（220 种组合）,逆时针−偏角,9.0,7.5,187.458,37.192809,-122.027349
第26位独立（220 种组合）,逆时针−偏角,9.0,8.0,187.458,37.146879,-122.034821
第26位独立（220 种组合）,逆时针−偏角,9.0,9.0,187.458,37.055018,-122.049739
第26位独立（220 种组合）,逆时针−偏角,9.0,9.5,187.458,37.009087,-122.057184
第26位独立（220 种组合）,逆时针−偏角,9.0,10.0,187.458,36.963155,-122.064621
第26位独立（220 种组合）,逆时针−偏角,9.0,10.5,187.458,36.917223,-122.072048
第26位独立（220 种组合）,逆时针−偏角,9.0,11.0,187.458,36.871291,-122.079467
第26位独立（220 种组合）,逆时针−偏角,9.0,12.0,187.458,36.779424,-122.094277
第26位独立（220 种组合）,逆时针−偏角,9.0,13.0,187.458,36.687556,-122.109052
第26位独立（220 种组合）,逆时针−偏角,9.0,14.0,187.458,36.595686,-122.123791
第26位独立（220 种组合）,逆时针−偏角,9.0,15.0,187.458,36.503814,-122.138495
第26位独立（220 种组合）,逆时针−偏角,9.0,16.0,187.458,36.41194,-122.153165
第26位独立（220 种组合）,逆时针−偏角,9.0,17.0,187.458,36.320065,-122.1678
第26位独立（220 种组合）,逆时针−偏角,9.0,18.0,187.458,36.228188,-122.1824
第26位独立（220 种组合）,逆时针−偏角,9.0,19.0,187.458,36.136309,-122.196966
第26位独立（220 种组合）,逆时针−偏角,9.0,20.0,187.458,36.044428,-122.211499
第26位独立（220 种组合）,逆时针−偏角,9.5,9.0,158.81,37.103803,-121.53634
第26位独立（220 种组合）,逆时针−偏角,9.5,20.0,158.81,36.151453,-121.084969
第26位独立（220 种组合）,逆时针−偏角,10.0,1.25,130.162,37.806969,-121.802159
第26位独立（220 种组合）,逆时针−偏角,10.0,1.5,130.162,37.79201,-121.779787
第26位独立（220 种组合）,逆时针−偏角,10.0,2.0,130.162,37.76208,-121.735071
第26位独立（220 种组合）,逆时针−偏角,10.0,2.5,130.162,37.732134,-121.69039
第26位独立（220 种组合）,逆时针−偏角,10.0,3.0,130.162,37.70217,-121.645746
第26位独立（220 种组合）,逆时针−偏角,10.0,3.5,130.162,37.67219,-121.601138
第26位独立（220 种组合）,逆时针−偏角,10.0,4.0,130.162,37.642193,-121.556565
第26位独立（220 种组合）,逆时针−偏角,10.0,4.25,130.162,37.627188,-121.534293
第26位独立（220 种组合）,逆时针−偏角,10.0,5.0,130.162,37.582148,-121.467529
第26位独立（220 种组合）,逆时针−偏角,10.0,6.5,130.162,37.491956,-121.334243
第26位独立（220 种组合）,逆时针−偏角,10.0,9.0,130.162,37.341305,-121.112815
第26位独立（220 种组合）,逆时针−偏角,10.0,9.5,130.162,37.311125,-121.068636
第26位独立（220 种组合）,逆时针−偏角,10.0,10.0,130.162,37.280929,-121.024492
第26位独立（220 种组合）,逆时针−偏角,10.0,10.5,130.162,37.250717,-120.980384
第26位独立（220 种组合）,逆时针−偏角,10.0,12.0,130.162,37.159981,-120.848272
第26位独立（220 种组合）,逆时针−偏角,10.0,15.0,130.162,36.978072,-120.584997
第26位独立（220 种组合）,逆时针−偏角,10.0,16.0,130.162,36.917307,-120.497519
第26位独立（220 种组合）,逆时针−偏角,10.0,18.0,130.162,36.795585,-120.322981
第26位独立（220 种组合）,逆时针−偏角,10.0,20.0,130.162,36.673608,-120.148996
第26位独立（220 种组合）,逆时针−偏角,10.25,5.0,115.838,37.678671,-121.387475
第26位独立（220 种组合）,逆时针−偏角,10.25,9.0,115.838,37.514572,-120.968213
第26位独立（220 种组合）,逆时针−偏角,10.5,5.0,101.514,37.787853,-121.339903
第26位独立（220 种组合）,逆时针−偏角,10.5,9.0,101.514,37.710776,-120.881564
第26位独立（220 种组合）,逆时针−偏角,10.5,10.0,101.514,37.691229,-120.767129
第26位独立（220 种组合）,逆时针−偏角,10.5,20.0,101.514,37.489709,-119.626149
第26位独立（220 种组合）,逆时针−偏角,11.0,3.0,72.866,37.963083,-121.577333
第26位独立（220 种组合）,逆时针−偏角,11.0,7.0,72.866,38.070099,-121.127083
第26位独立（220 种组合）,逆时针−偏角,11.0,12.0,72.866,38.201445,-120.56243
第26位独立（220 种组合）,逆时针−偏角,11.0,18.0,72.866,38.355476,-119.882184
第26位独立（220 种组合）,逆时针−偏角,11.0,20.0,72.866,38.405944,-119.654797
第26位独立（220 种组合）,逆时针−偏角,12.0,12.0,15.571,38.951825,-121.530512
第26位独立（220 种组合）,逆时针−偏角,12.0,18.0,15.571,39.486409,-121.334331
第26位独立（220 种组合）,逆时针−偏角,12.0,20.0,15.571,39.664529,-121.268267
第26位独立（220 种组合）,逆时针−偏角,13.0,1.0,318.275,37.950805,-121.992337
第26位独立（220 种组合）,逆时针−偏角,13.0,2.0,318.275,38.01986,-122.070666
第26位独立（220 种组合）,逆时针−偏角,13.0,6.0,318.275,38.295557,-122.385464
第26位独立（220 种组合）,逆时针−偏角,13.0,10.0,318.275,38.570407,-122.70266
第26位独立（220 种组合）,逆时针−偏角,13.0,11.0,318.275,38.638985,-122.782338
第26位独立（220 种组合）,逆时针−偏角,13.0,12.0,318.275,38.707509,-122.862168
第26位独立（220 种组合）,逆时针−偏角,13.0,18.0,318.275,39.117503,-123.344384
第26位独立（220 种组合）,逆时针−偏角,13.0,20.0,318.275,39.253724,-123.506368
第26位独立（220 种组合）,逆时针−偏角,14.0,10.0,260.979,37.730797,-123.07088
第26位独立（220 种组合）,逆时针−偏角,14.0,11.0,260.979,37.715086,-123.186289
第26位独立（220 种组合）,逆时针−偏角,14.0,12.0,260.979,37.699263,-123.301649
第26位独立（220 种组合）,逆时针−偏角,14.0,18.0,260.979,37.601968,-123.99276
第26位独立（220 种组合）,逆时针−偏角,14.0,20.0,260.979,37.568642,-124.222725
第26位独立（220 种组合）,逆时针−偏角,15.0,10.0,203.683,37.032504,-122.380221
第26位独立（220 种组合）,逆时针−偏角,15.0,18.0,203.683,36.351861,-122.745619
第26位独立（220 种组合）,逆时针−偏角,15.0,20.0,203.683,36.181528,-122.835968
第26位独立（220 种组合）,逆时针−偏角,16.0,10.0,146.388,37.108533,-121.2712
第26位独立（220 种组合）,逆时针−偏角,16.0,18.0,146.388,36.487544,-120.76624
第26位独立（220 种组合）,逆时针−偏角,16.0,20.0,146.388,36.331967,-120.641268
第26位独立（220 种组合）,逆时针−偏角,17.0,5.0,89.092,37.887583,-121.327389
第26位独立（220 种组合）,逆时针−偏角,17.0,9.0,89.092,37.890194,-120.857923
第26位独立（220 种组合）,逆时针−偏角,17.0,12.0,89.092,37.890929,-120.505808
第26位独立（220 种组合）,逆时针−偏角,17.0,20.0,89.092,37.887761,-119.566853
第26位独立（220 种组合）,逆时针−偏角,18.0,3.0,31.796,38.117734,-121.728051
第26位独立（220 种组合）,逆时针−偏角,18.0,7.0,31.796,38.431988,-121.478034
第26位独立（220 种组合）,逆时针−偏角,18.0,10.0,31.796,38.667328,-121.28909
第26位独立（220 种组合）,逆时针−偏角,18.0,11.0,31.796,38.745707,-121.225832
第26位独立（220 种组合）,逆时针−偏角,18.0,12.0,31.796,38.824052,-121.162436
第26位独立（220 种组合）,逆时针−偏角,18.0,18.0,31.796,39.293393,-120.779104
第26位独立（220 种组合）,逆时针−偏角,18.0,20.0,31.796,39.449558,-120.650185
第26位独立（220 种组合）,逆时针−偏角,19.0,10.0,334.5,38.716649,-122.425223
第26位独立（220 种组合）,逆时针−偏角,19.0,11.0,334.5,38.800021,-122.476983
第26位独立（220 种组合）,逆时针−偏角,19.0,12.0,334.5,38.88337,-122.528865
第26位独立（220 种组合）,逆时针−偏角,19.0,18.0,334.5,39.382976,-122.842735
第26位独立（220 种组合）,逆时针−偏角,19.0,20.0,334.5,39.549323,-122.948356
第26位独立（220 种组合）,逆时针−偏角,20.0,1.0,277.204,37.893257,-122.030605
第26位独立（220 种组合）,逆时针−偏角,20.0,1.5,277.204,37.898993,-122.088843
第26位独立（220 种组合）,逆时针−偏角,20.0,2.0,277.204,37.904701,-122.147091
第26位独立（220 种组合）,逆时针−偏角,20.0,2.5,277.204,37.91038,-122.205347
第26位独立（220 种组合）,逆时针−偏角,20.0,3.0,277.204,37.916031,-122.263613
第26位独立（220 种组合）,逆时针−偏角,20.0,4.0,277.204,37.927245,-122.38017
第26位独立（220 种组合）,逆时针−偏角,20.0,5.0,277.204,37.938345,-122.496764
第26位独立（220 种组合）,逆时针−偏角,20.0,6.0,277.204,37.94933,-122.613392
第26位独立（220 种组合）,逆时针−偏角,20.0,6.5,277.204,37.954779,-122.671719
第26位独立（220 种组合）,逆时针−偏角,20.0,7.0,277.204,37.960199,-122.730055
第26位独立（220 种组合）,逆时针−偏角,20.0,8.0,277.204,37.970953,-122.846752
第26位独立（220 种组合）,逆时针−偏角,20.0,9.0,277.204,37.981592,-122.963483
第26位独立（220 种组合）,逆时针−偏角,20.0,10.0,277.204,37.992115,-123.080248
第26位独立（220 种组合）,逆时针−偏角,20.0,10.5,277.204,37.997334,-123.138643
第26位独立（220 种组合）,逆时针−偏角,20.0,11.0,277.204,38.002523,-123.197046
第26位独立（220 种组合）,逆时针−偏角,20.0,12.0,277.204,38.012816,-123.313877
第26位独立（220 种组合）,逆时针−偏角,20.0,13.0,277.204,38.022993,-123.430741
第26位独立（220 种组合）,逆时针−偏角,20.0,14.0,277.204,38.033054,-123.547637
第26位独立（220 种组合）,逆时针−偏角,20.0,15.0,277.204,38.042999,-123.664565
第26位独立（220 种组合）,逆时针−偏角,20.0,16.0,277.204,38.052828,-123.781525
第26位独立（220 种组合）,逆时针−偏角,20.0,17.0,277.204,38.062542,-123.898516
第26位独立（220 种组合）,逆时针−偏角,20.0,18.0,277.204,38.07214,-124.015538
第26位独立（220 种组合）,逆时针−偏角,20.0,19.0,277.204,38.081621,-124.13259
第26位独立（220 种组合）,逆时针−偏角,20.0,20.0,277.204,38.090987,-124.249672
