length,trial,lambda,acc,best_score,truth_score,spurious,seconds,plain,best
32,0,0.0,0.0,221.981,127.254,1,18.9,OCATCHMETHATWASNTMEONTHETVSHOWWH,WEBREASTICKFULLYCOMPURCHINGANDDV
32,0,1.0,0.0,217.667,116.479,1,54.3,OCATCHMETHATWASNTMEONTHETVSHOWWH,KRGERSWINDOFCOMPLYHAVEDINJUSTBBQ
32,0,3.0,0.1562,192.3,94.929,1,45.2,OCATCHMETHATWASNTMEONTHETVSHOWWH,UDITDOWNSHAVEPROBLACKTHISFROMGGY
32,0,10.0,0.0938,163.989,19.502,1,47.7,OCATCHMETHATWASNTMEONTHETVSHOWWH,FKICKPATCHESANDGROWBYCHECOMPUZZL
32,1,0.0,0.0625,231.678,133.388,1,17.1,EBESTPARTOFITIATHAEWHENIDIEIWILL,PJUSTHEYWELCOMBINEDANDINGTOMARKF
32,1,1.0,0.0625,229.283,121.8,1,51.0,EBESTPARTOFITIATHAEWHENIDIEIWILL,KEDTHINGSTHECOMPANYWAYFORBLOWJUV
32,1,3.0,0.0,203.11,98.624,1,51.3,EBESTPARTOFITIATHAEWHENIDIEIWILL,PLYWITHINGANDSEXTHOUTOFMARKSUBJC
32,1,10.0,0.0625,169.819,17.507,1,43.6,EBESTPARTOFITIATHAEWHENIDIEIWILL,VEDBACKFORLINGWASKMYSMETHINGYOUP
32,2,0.0,0.0938,227.934,169.662,1,21.1,OPMYCOLLECTINGOFSLAVESFORMYAFTER,XFROMBUTTHEKINGASTYLESANDPRICEWV
32,2,1.0,0.0312,226.432,159.618,1,56.6,OPMYCOLLECTINGOFSLAVESFORMYAFTER,CKPUBLINGWITHFORANDSTAREVERYMIXJ
32,2,3.0,0.125,211.892,139.531,1,50.5,OPMYCOLLECTINGOFSLAVESFORMYAFTER,DJUSTBYCANKINGHERCOMPREVIEWALKOF
32,2,10.0,0.0625,187.41,69.225,1,43.6,OPMYCOLLECTINGOFSLAVESFORMYAFTER,KWINFORMISCOVEDBYMALLYBUTTHEPCGX
32,3,0.0,0.0,233.598,132.778,1,19.3,PERENCEITISEVENBETTERTHANGETTING,XBYWASPERMINGBACKSHOULDNTFORREVJ
32,3,1.0,0.0625,212.917,116.636,1,56.7,PERENCEITISEVENBETTERTHANGETTING,LHAVEYOUSINGTHEDEPARKCOMFORSSUBJ
32,3,3.0,0.0312,201.726,84.353,1,48.2,PERENCEITISEVENBETTERTHANGETTING,FGUYBECOMPLINGBANDTHERSWITHMMOKJ
32,3,10.0,0.0625,164.685,-28.637,1,48.5,PERENCEITISEVENBETTERTHANGETTING,PCORKINGYALBUCKSOFTHEMANDWHYYGVZ
32,4,0.0,0.0938,216.875,131.187,1,16.9,STOWORVFORMEWHEREEVERYONEELSEHAS,PWEVERYSKILLYOURFABURGETHANDCOMP
32,4,1.0,0.0312,202.734,115.113,1,50.4,STOWORVFORMEWHEREEVERYONEELSEHAS,MWHOHAVERIFYOUCANDSCATHELDINGUPM
32,4,3.0,0.125,179.55,82.964,1,41.9,STOWORVFORMEWHEREEVERYONEELSEHAS,ULYBYMASKINGTHEMFOREMAYPROVICHJU
32,4,10.0,0.0625,145.284,-29.557,1,38.4,STOWORVFORMEWHEREEVERYONEELSEHAS,XTMOMHAVEDWINGCHEYSCHIMPLYBURGFX
32,5,0.0,0.0625,229.987,192.025,1,18.3,INGWILDGAMEINTHEFORRESTBECAUSEMA,FTAKINGANDWITHOUSEMBLOCKVERYOURP
32,5,1.0,0.0625,222.747,181.945,1,53.5,INGWILDGAMEINTHEFORRESTBECAUSEMA,JDKBLACKWOULDPREVINGTHEMONSTHEYF
32,5,3.0,0.0312,198.826,161.787,1,49.6,INGWILDGAMEINTHEFORRESTBECAUSEMA,VESWHOUSEDTHERABLYMPICKINGFACBZX
32,5,10.0,0.0312,179.063,91.231,1,43.2,INGWILDGAMEINTHEFORRESTBECAUSEMA,WMVBYDEVERLYMATHINKINGFORSOUGHCJ
32,6,0.0,0.0625,214.281,138.519,1,15.6,GHSLAVESTOWORVFORMEWHEREEVERYONE,VNGTHATMYDISHOWFUCKINTHERABLESPE
32,6,1.0,0.0,206.89,125.305,1,54.8,GHSLAVESTOWORVFORMEWHEREEVERYONE,BYUNCOMPARAGEDTHISWAYMELOOKINGFL
32,6,3.0,0.0312,193.908,98.878,1,43.8,GHSLAVESTOWORVFORMEWHEREEVERYONE,XWPLETHANKSFORMEDBYSWHOCATINGFUC
32,6,10.0,0.0312,147.686,6.381,1,50.8,GHSLAVESTOWORVFORMEWHEREEVERYONE,PWAVECHILDGUYINFROMGWHYJACKSBUTJ
32,7,0.0,0.0625,238.95,177.522,1,23.1,EVENBETTERTHANGETTINGYOURROCKSOF,MFTHINKINGYOUHAVEWASABLEPROJECTD
32,7,1.0,0.1562,235.633,171.289,1,62.9,EVENBETTERTHANGETTINGYOURROCKSOF,WOFMYEXPERTHEMANDSTHAVINGBLACKJU
32,7,3.0,0.0312,222.635,158.824,1,54.1,EVENBETTERTHANGETTINGYOURROCKSOF,PFUCKINGOVERACTLYBUTTHEMWIZARDSJ
32,7,10.0,0.0625,215.193,115.193,1,48.3,EVENBETTERTHANGETTINGYOURROCKSOF,KJAGEOFTHEWINGCOMPLYCOVERSANDBUZ
32,8,0.0,0.0312,236.619,139.579,1,16.9,OOHERBECAUSEENOWHAVEENOUGHSLAVES,EEXPOSTINFORMWOULDBYTHEBACKINGJQ
32,8,1.0,0.0312,229.392,129.388,1,44.1,OOHERBECAUSEENOWHAVEENOUGHSLAVES,MMVANCETHEYWOULDINGFORMAKERSHIPB
32,8,3.0,0.0312,219.02,109.005,1,54.4,OOHERBECAUSEENOWHAVEENOUGHSLAVES,XXBLACKTHOUSINGIVEFOREXPANDWHYMJ
32,8,10.0,0.0312,211.021,37.666,1,8721.7,OOHERBECAUSEENOWHAVEENOUGHSLAVES,GGMOVEDBYJUSTACKOFTHINGREPLAYSWX
32,9,0.0,0.0625,234.389,143.927,1,24.3,ESTBECAUSEMANISTHEMOATDANGERTUEA,YDWAYJUSTFORMETHEPOLICKINGBACKVZ
32,9,1.0,0.0312,219.798,131.863,1,56.2,ESTBECAUSEMANISTHEMOATDANGERTUEA,FCALFROMTHEBESTHAVEYOUDOWINGUPJK
32,9,3.0,0.0312,204.596,107.735,1,8728.1,ESTBECAUSEMANISTHEMOATDANGERTUEA,PXAMPLEVENTUCKEDBYTHINGISFORNOWJ
32,9,10.0,0.0938,182.673,23.288,1,37.6,ESTBECAUSEMANISTHEMOATDANGERTUEA,GWBUGSANDOMIZEDFORMACHICKLYTHEPV
32,10,0.0,0.0,231.292,146.84,1,25.0,AFRAIDOFDEATHIAMNOTAFRAIDBECAUSE,TIVEANDINGSOFBURYCOMPLEANDWITHJQ
32,10,1.0,0.0938,216.166,137.937,1,57.2,AFRAIDOFDEATHIAMNOTAFRAIDBECAUSE,PMBYCANMAKERSINGFORJUSTHAVEDPLZW
32,10,3.0,0.0312,210.061,120.131,1,8725.7,AFRAIDOFDEATHIAMNOTAFRAIDBECAUSE,YCUSTHECHARMINGFORMALWITHEDBYJPV
32,10,10.0,0.0,182.867,57.809,1,46.4,AFRAIDOFDEATHIAMNOTAFRAIDBECAUSE,MCUPSKICKINGANDTHEGREWORKSOFMYBL
32,11,0.0,0.0938,244.547,144.626,1,17.6,EIVNOWTHATMYNEWLIFEISLIFEWILLBEA,LYBEFORWORKINGTHISCOMPUSANDHAVEJ
32,11,1.0,0.0938,238.575,137.378,1,48.7,EIVNOWTHATMYNEWLIFEISLIFEWILLBEA,ZXWITHYOURKINGFABLECOMPLESTANDJV
32,11,3.0,0.0938,230.189,122.882,1,8733.9,EIVNOWTHATMYNEWLIFEISLIFEWILLBEA,ZYHAVESTITWORKINGCOMPLACEFUNDSBJ
32,11,10.0,0.0312,214.957,72.145,1,52.7,EIVNOWTHATMYNEWLIFEISLIFEWILLBEA,XDBUTWASOFTHERECOMINGINMYJACKPLZ
50,0,0.0,0.06,221.223,175.063,1,34.6,GIVEYOUMYNAMEBECAUSEYOUWILLTRYTOSLOIDOWNORATOPMYCO,ZXBUTALKTOTHEREVERGETSANDMMWITHCOMPLYANDSINFIGHTJI
50,0,1.0,0.1,206.549,150.437,1,8763.0,GIVEYOUMYNAMEBECAUSEYOUWILLTRYTOSLOIDOWNORATOPMYCO,QZXWORKSOFTHISISACTIONGBULLYDONTELEVERBANDJUMPHOWM
50,0,3.0,0.02,173.299,101.185,1,64.4,GIVEYOUMYNAMEBECAUSEYOUWILLTRYTOSLOIDOWNORATOPMYCO,XJWBUTYOUSELFIFSOMEFUCKHAPPYOURGEPRINTHECONDVALUZV
50,0,10.0,0.06,111.998,-71.195,1,59.8,GIVEYOUMYNAMEBECAUSEYOUWILLTRYTOSLOIDOWNORATOPMYCO,QXVZKYORKLIGHTHEWITHKMACEDDECKSANDFURYCOMCANJPGKBJ
50,1,0.0,0.04,233.293,174.362,1,32.1,RMEWHEREEVERYONEELSEHASNOTHINGWHENTHEYREACHPARADIC,ZWBUTCHINGAMEPRICKSFORPROVIDEBUTILLINEMANYOFTHEJQX
50,1,1.0,0.12,209.989,149.203,1,8763.0,RMEWHEREEVERYONEELSEHASNOTHINGWHENTHEYREACHPARADIC,ZXWOULDBERCOMPABLETHINGASTHATYOUBYTHEMOCKSIVEDIFFQ
50,1,3.0,0.0,176.205,98.886,1,71.3,RMEWHEREEVERYONEELSEHASNOTHINGWHENTHEYREACHPARADIC,JZXBUCKYREVASTMYCHINGSIMPLETEDBUYTHERSAVINGOFKNOWQ
50,1,10.0,0.04,105.283,-77.223,1,80.6,RMEWHEREEVERYONEELSEHASNOTHINGWHENTHEYREACHPARADIC,ZXTMYFWKJUMPBACKFOREVERCINGANDMYKINGJBPMLOVESWHATQ
50,2,0.0,0.14,223.927,165.692,1,20.3,LDGAMEINTHEFORRESTBECAUSEMANISTHEMOATDANGERTUEANAM,XPHONESTAVERALLYTIMESOFWINGBUTIDENCOMPATHERIFYOUKN
50,2,1.0,0.12,191.386,139.53,1,81.1,LDGAMEINTHEFORRESTBECAUSEMANISTHEMOATDANGERTUEANAM,ZYDUCKINGSTHANNEWORKJUMPICSOFWORKCLUBYANDTHOMEUPVC
50,2,3.0,0.1,158.604,87.208,1,8746.1,LDGAMEINTHEFORRESTBECAUSEMANISTHEMOATDANGERTUEANAM,XVPCMHERSFORADDOWNTHECLEAMINGWITHMYCOVERPOUNLOCKBM
50,2,10.0,0.02,80.334,-95.922,1,60.9,LDGAMEINTHEFORRESTBECAUSEMANISTHEMOATDANGERTUEANAM,VFCMKHOULDCRAPPYWSTHEMBERKINGWITHKAMOFSUCCESBYMJZK
50,3,0.0,0.18,225.982,164.554,1,34.1,EMOATTHRILLINGEXPERENCEITISEVENBETTERTHANGETTINGYO,AXMOVERTYPRINGABOUTAKESIFYOUCANDTHESWORLDGUEVINGJQ
50,3,1.0,0.06,202.162,136.982,1,8751.2,EMOATTHRILLINGEXPERENCEITISEVENBETTERTHANGETTINGYO,IZETHERFORMENDIWASFILOVEYOUSTINGBACKPARTEDSCHANDJQ
50,3,3.0,0.0,169.967,81.838,1,70.1,EMOATTHRILLINGEXPERENCEITISEVENBETTERTHANGETTINGYO,HXJOKEISSTRUMPHANISHEDBUYSWITHMORECALLINGPICKAMPFV
50,3,10.0,0.12,97.171,-111.167,1,60.6,EMOATTHRILLINGEXPERENCEITISEVENBETTERTHANGETTINGYO,UFILMTVGPLACKBUDDYGUITSCAPSYOUKNOWHEREVENBYHMXKBJQ
50,4,0.0,0.06,222.693,176.204,1,24.9,INGYOURROCKSOFFWITHAGIRLTHEBESTPARTOFITIATHAEWHENI,FXKBVIOUSLYCOMPLATERSFORPENINGTHROWSMADANDINTHEJQF
50,4,1.0,0.08,207.569,147.876,1,72.3,INGYOURROCKSOFFWITHAGIRLTHEBESTPARTOFITIATHAEWHENI,LKSANDINGWASTHAVECOMPLIFYOUJUSCOMINGHEREAREATBOXQL
50,4,3.0,0.1,166.465,91.22,1,75.3,INGYOURROCKSOFFWITHAGIRLTHEBESTPARTOFITIATHAEWHENI,WZFORTHEIRPLACKSMYDOGWHATDEVERYJOHNICMUMBUSBANDEXW
50,4,10.0,0.0,91.281,-107.075,1,6048.3,INGYOURROCKSOFFWITHAGIRLTHEBESTPARTOFITIATHAEWHENI,XLOVEDBYUPANDCASKMGMAXBRIGHTHEMEMBRUCKJKWJZWINGFOX
50,5,0.0,0.04,231.745,148.97,1,24.4,LCEALLTHESOOHERBECAUSEENOWHAVEENOUGHSLAVESTOWORVFO,XWITHEBACKTHINGTOSTANDOVERALLINCOMPANDPLAYFOREJUZH
50,5,1.0,0.04,208.717,121.255,1,84.8,LCEALLTHESOOHERBECAUSEENOWHAVEENOUGHSLAVESTOWORVFO,JZONSUBMITYPERHAVINGADVICEMYFORTHESMALLFORTHECKWXP
50,5,3.0,0.08,175.59,65.825,1,64.3,LCEALLTHESOOHERBECAUSEENOWHAVEENOUGHSLAVESTOWORVFO,QXBUTTHESIMPLYANDJUSTEDWEVERKBYFORMETALKINGOVERCZP
50,5,10.0,0.06,110.009,-128.181,1,6042.6,LCEALLTHESOOHERBECAUSEENOWHAVEENOUGHSLAVESTOWORVFO,QXCHINGMANDJACKOFTHEPSFWBYMSVCCULTIMPROVEALLYBERZJ
50,6,0.0,0.08,224.706,174.362,1,29.5,RMEWHEREEVERYONEELSEHASNOTHINGWHENTHEYREACHPARADIC,HVERALITEXTISJUSTBEWORLDSTOYOUCANDMONTHERPACKINGFP
50,6,1.0,0.08,200.553,148.202,1,69.1,RMEWHEREEVERYONEELSEHASNOTHINGWHENTHEYREACHPARADIC,WZAFORDEALEDTHEVENTHISJUSTINGPROCURICKWASMOVEDBYXM
50,6,3.0,0.02,168.799,95.884,1,56.5,RMEWHEREEVERYONEELSEHASNOTHINGWHENTHEYREACHPARADIC,MZBIGNUPBYPURSEXPANDCONTRACKSLIGHTECHAMBOFGWOULDJF
50,6,10.0,0.0,90.556,-87.231,1,6035.9,RMEWHEREEVERYONEELSEHASNOTHINGWHENTHEYREACHPARADIC,XWPIVACYPSYCHELLYOUNGMAKINGFOREVJKQGJZXPMBVITCHEDB
50,7,0.0,0.0,225.212,168.841,1,21.4,TAFRAIDOFTHEGASCHAMBERBECAASEITWILLSENDMETOPARADLC,XLOVEARTOJUMPLYBUSINGANDBELINGWHATWASCRISKTHEFORTZ
50,7,1.0,0.12,200.858,144.268,1,73.8,TAFRAIDOFTHEGASCHAMBERBECAASEITWILLSENDMETOPARADLC,XMCREFUNCTINGMOVINTHEYHAVEMYPARKFLOWSBUTSANDEDJULZ
50,7,3.0,0.34,171.52,95.121,1,74.7,TAFRAIDOFTHEGASCHAMBERBECAASEITWILLSENDMETOPARADLC,JUFAKIDOFTHEBUTCHLOVERVICKUPPLYSIGNAMEDOMWORKANDGZ
50,7,10.0,0.04,98.546,-76.89,1,6045.4,TAFRAIDOFTHEGASCHAMBERBECAASEITWILLSENDMETOPARADLC,ZHJACKMYJOBSTHEXBUDGINGEXCHATWINKPROFEMDFLYSCRUMPV
50,8,0.0,0.06,235.449,163.747,1,25.2,BECAUSEIVNOWTHATMYNEWLIFEISLIFEWILLBEANEASYONEINPA,LDWITHANDJUSTBUCKINGSPERFORWARDSOFPLACEMYGIVEMANZX
50,8,1.0,0.02,210.093,140.87,1,72.0,BECAUSEIVNOWTHATMYNEWLIFEISLIFEWILLBEANEASYONEINPA,MULDEXPOSTERSWINGOVERYTHATHECHURTBYMAKINGFORINCVJQ
50,8,3.0,0.04,182.362,95.117,1,6050.7,BECAUSEIVNOWTHATMYNEWLIFEISLIFEWILLBEANEASYONEINPA,DWPFORSINGTHISQUICKTHEVERALLMEWHATEDONBYJACKBYMKXZ
50,8,10.0,0.08,106.444,-65.018,1,76.4,BECAUSEIVNOWTHATMYNEWLIFEISLIFEWILLBEANEASYONEINPA,PJUVENTTHISWASDRUGBYWMAKECLOCKJWCOMPLEXFINGEXFCBQZ
50,9,0.0,0.1,232.061,168.841,1,32.4,TAFRAIDOFTHEGASCHAMBERBECAASEITWILLSENDMETOPARADLC,XTBUTTHEBANDHAVENTSFORSWELLYCOMPRODUCKINGMYPARTHJE
50,9,1.0,0.08,212.659,148.378,1,69.7,TAFRAIDOFTHEGASCHAMBERBECAASEITWILLSENDMETOPARADLC,ZYWAYVIEWINGERSANDTHEMICALLJUSTBOOKBUTTHERFORMYIPA
50,9,3.0,0.04,187.936,107.453,1,6049.4,TAFRAIDOFTHEGASCHAMBERBECAASEITWILLSENDMETOPARADLC,JUSQUICKSAPPEDBYPOLLSFORYMMAGIVETHINGTHERWANDFUCKY
50,9,10.0,0.02,118.73,-35.784,1,78.8,TAFRAIDOFTHEGASCHAMBERBECAASEITWILLSENDMETOPARADLC,QKVXKBCAVEPUTJUMPWILLFORMYYOGISTERINGTHESANDJFKCZM
50,10,0.0,0.12,232.228,173.426,1,32.9,WILDGAMEINTHEFORRESTBECAUSEMANISTHEMOATDANGERTUEAN,XMYQUESANDTHAVINGANDJOBWITHSPRINTHISFULLERCONTAKEZ
50,10,1.0,0.06,213.465,149.37,1,6059.0,WILDGAMEINTHEFORRESTBECAUSEMANISTHEMOATDANGERTUEAN,ZPUBLICOULDSOFATWORKINGVERYCOMPRESUCHANDIMENTEXTIJ
50,10,3.0,0.06,181.484,101.258,1,53.2,WILDGAMEINTHEFORRESTBECAUSEMANISTHEMOATDANGERTUEAN,XYZJUDGMENTSMOTHEMBLACKSWINGUPABISAGEFORDPRCHIVEDQ
50,10,10.0,0.04,119.558,-67.135,1,73.2,WILDGAMEINTHEFORRESTBECAUSEMANISTHEMOATDANGERTUEAN,ZBROUGHFULLYFORCEFXSAVEANDTHEMIXKYWHATINGMPVCKINGJ
50,11,0.0,0.0,223.376,169.708,1,29.1,INTABOUTMEIAMNOTAFRAIDOFTHEGASCHAMBERBECAASEITWILL,LJACKSQUAREMAYWITHITSOWHEDBYCONDCARRIVINGTOPLEFLUX
50,11,1.0,0.04,199.017,143.715,1,61.1,INTABOUTMEIAMNOTAFRAIDOFTHEGASCHAMBERBECAASEITWILL,PVXWINGTHISTHEBEDANDMYBACKOFWORKWHYINJUREDOFPCSPLZ
50,11,3.0,0.1,160.971,91.728,1,6035.2,INTABOUTMEIAMNOTAFRAIDOFTHEGASCHAMBERBECAASEITWILL,HEXPECTJULLOUNGADMIDINGMYFAVPSOFPUBLICKORDSWHYTHEQ
50,11,10.0,0.04,81.119,-90.225,1,66.0,INTABOUTMEIAMNOTAFRAIDOFTHEGASCHAMBERBECAASEITWILL,CXJUSTINGFRAGEDBYWHYOLDWKMINUPMMUGOFHERMAYPACKSCZV
75,0,0.0,0.04,228.105,171.392,1,61.3,PAPOINTABOUTMEIAMNOTAFRAIDOFTHEGASCHAMBERBECAASEITWILLSENDMETOPARADLCEALLTH,ZKUPEXAMINGANCEANDPOSTTHERSTONOFTHINKNOWHOWIMALWAYSFORVIDEDBYJUSTHELICKORYQ
75,0,1.0,0.0933,186.089,128.981,1,203.1,PAPOINTABOUTMEIAMNOTAFRAIDOFTHEGASCHAMBERBECAASEITWILLSENDMETOPARADLCEALLTH,QCKVINGRELIGHWITHAVESPANIEXPERTINFORCHESBEFORTOFJUSTOMYLADYBUCKSANDLOWCOMUZ
75,0,3.0,0.0933,123.205,44.159,1,229.9,PAPOINTABOUTMEIAMNOTAFRAIDOFTHEGASCHAMBERBECAASEITWILLSENDMETOPARADLCEALLTH,ZUXVBJGCHANGROBORIVFPKERBACKFORTHEYOURDANDMYCOMMISWILLTHISWASEXPERSTYOULLSQ
75,0,10.0,0.1733,-14.045,-252.718,1,193.1,PAPOINTABOUTMEIAMNOTAFRAIDOFTHEGASCHAMBERBECAASEITWILLSENDMETOPARADLCEALLTH,XMAYGODAWANDBAGABAYQAFRAGEOFQATAREJAMBCHICKJAANKAZIAVASTAPLAZAAAAAPAJAMVAZU
75,1,0.0,0.0133,210.171,179.906,1,64.8,DWILLBECOMEMYSLAVESIWILLNOTGIVEYOUMYNAMEBECAUSEYOUWILLTRYTOSLOIDOWNORATOPMY,XYEROCKSLIKINGSPROVEDFROMLACKSONTHINGSIZEDTHEGUNBUYFORMANALVOTEXTDEBASALWIN
75,1,1.0,0.08,166.875,140.644,1,182.8,DWILLBECOMEMYSLAVESIWILLNOTGIVEYOUMYNAMEBECAUSEYOUWILLTRYTOSLOIDOWNORATOPMY,KDOUBLEVICECHANDINGOFSUBJIMPRINHOWCHESCALLERWAYHARDSBUTTHEIGBOOKOFPATSMIXCH
75,1,3.0,0.0,115.526,62.119,1,172.8,DWILLBECOMEMYSLAVESIWILLNOTGIVEYOUMYNAMEBECAUSEYOUWILLTRYTOSLOIDOWNORATOPMY,LGCMYQXJBWXWHOVERFUCKSMYABOUTOFHISWHATWORDANDOTHINGSYMPTHEBUYICLIKEITTOBEWH
75,1,10.0,0.0133,-13.015,-212.719,1,161.6,DWILLBECOMEMYSLAVESIWILLNOTGIVEYOUMYNAMEBECAUSEYOUWILLTRYTOSLOIDOWNORATOPMY,QCZFMRJAMWJWHOKINGGZXOFMEMOROUGHVSWHICWASDONTOTHBECOMFLYHEMGMVZQVXDBYCOMPWH
75,2,0.0,0.1733,220.144,176.869,1,58.5,DICESOTHEYAREAFRAIDOFDEATHIAMNOTAFRAIDBECAUSEIVNOWTHATMYNEWLIFEISLIFEWILLBE,FUMBLYTHELIVERSPENDISFORCHARACKWASTANDCOMPLYINGTONTHEWALKINGASEURBUSINUGGZO
75,2,1.0,0.1333,179.794,135.61,1,187.0,DICESOTHEYAREAFRAIDOFDEATHIAMNOTAFRAIDBECAUSEIVNOWTHATMYNEWLIFEISLIFEWILLBE,JDLAZYWHENEVERMPARTIMJUSTHERICKCOMPORTFULLYWORKSINTHAVINGONBEMEDANDMONDBBQU
75,2,3.0,0.0133,131.637,53.093,1,172.8,DICESOTHEYAREAFRAIDOFDEATHIAMNOTAFRAIDBECAUSEIVNOWTHATMYNEWLIFEISLIFEWILLBE,LBLAZINGMVERMOUSWHOJULFINGOODANDPUTPHOTFLEXTCHERSKAGWADVICKYOUMBERBUCKBYYQF
75,2,10.0,0.0267,-12.802,-235.716,1,191.3,DICESOTHEYAREAFRAIDOFDEATHIAMNOTAFRAIDBECAUSEIVNOWTHATMYNEWLIFEISLIFEWILLBE,PGPREADYZKQVZJULPMCOUPMARYJJCANDBUSBMCOMPLETHMOFTHEYPICKSHHWJUZGINGUHHGWWXM
75,3,0.0,0.0933,226.02,175.77,1,61.9,NTHEFORRESTBECAUSEMANISTHEMOATDANGERTUEANAMALOFALLTOKILLSOMETHINGGIVESMETHE,ZWISHARKINTHERMOVEDBECOMPINGTHATALORMOSTABDOUGHTUPWIFYOUCANSTICALLYFINDEXPJ
75,3,1.0,0.0267,182.729,130.04,1,200.1,NTHEFORRESTBECAUSEMANISTHEMOATDANGERTUEANAMALOFALLTOKILLSOMETHINGGIVESMETHE,XVFORPLEDJOBSINCESUBSCHILDREWAYWOMALICKWOBUTHERWHAVINGTHEPROOFCOMMANDJUSTLZ
75,3,3.0,0.0,123.413,38.579,1,223.5,NTHEFORRESTBECAUSEMANISTHEMOATDANGERTUEANAMALOFALLTOKILLSOMETHINGGIVESMETHE,ZXGINALDMANDBROWNBYLESOFJMVIKICKUPALFWAKULYTHINKHEXACTTHEAVINGSUPPORMAYBEJQ
75,3,10.0,0.0667,-12.238,-281.534,1,184.8,NTHEFORRESTBECAUSEMANISTHEMOATDANGERTUEANAMALOFALLTOKILLSOMETHINGGIVESMETHE,XVBULLORMYMAGESONGCONCEPZMLODANDFOROPOLDFOCKHOLDHAVEWITHILLUMBCFOOTSMYCGJZQ
75,4,0.0,0.0133,231.544,177.762,1,75.4,UNITIAMOREFUNTHANKILLINGWILDGAMEINTHEFORRESTBECAUSEMANISTHEMOATDANGERTUEANA,SAZQUENTINGBECOMEVERYFORBUYPRINGWASJUSTHINKOFTHESKINDOWSCOUNDHAVEALLYPLUMBI
75,4,1.0,0.0533,194.274,127.589,1,236.6,UNITIAMOREFUNTHANKILLINGWILDGAMEINTHEFORRESTBECAUSEMANISTHEMOATDANGERTUEANA,VWQBYOUSHELPINGKINDOFMARRYFORJUSTWHICHSTHEEXTEMOVEDUPATINGCUTALLOWINGBACKZJ
75,4,3.0,0.0667,138.127,27.244,1,228.2,UNITIAMOREFUNTHANKILLINGWILDGAMEINTHEFORRESTBECAUSEMANISTHEMOATDANGERTUEANA,YIFROMUCHINGSCHOSETOWHIDLOWEDJUNKINGBACKHISPARTMYSQULIKECHBUTFRAMINEVERBOXJ
75,4,10.0,0.0933,9.636,-323.966,1,7836.7,UNITIAMOREFUNTHANKILLINGWILDGAMEINTHEFORRESTBECAUSEMANISTHEMOATDANGERTUEANA,OOXZOOMBOOSAYGOGYOUDONOCHOOLCOMEFOROVEBLOOKQUITOOKIMSOFAGOVMONTWOODOPROVGJO
75,5,0.0,0.0267,219.04,174.557,1,73.2,TOWORVFORMEWHEREEVERYONEELSEHASNOTHINGWHENTHEYREACHPARADICESOTHEYAREAFRAIDO,ZXSHEPLAINDSOWEDUPWITHATWASFORMATURDAYSONANDCHECKERYBIGIVENSALOFTHINGLEBRIJ
75,5,1.0,0.04,175.835,128.611,1,204.6,TOWORVFORMEWHEREEVERYONEELSEHASNOTHINGWHENTHEYREACHPARADICESOTHEYAREAFRAIDO,ZJRCHATADMORESHOWASDECONSOLVEFOURTSQUAREBUTWITHINGSMEDYINGBLAKEVENDBYTHEPIX
75,5,3.0,0.04,114.101,36.719,1,191.3,TOWORVFORMEWHEREEVERYONEELSEHASNOTHINGWHENTHEYREACHPARADICESOTHEYAREAFRAIDO,QZSAYSTOUNDSWHYDISHUMANTHELOWERCAREACTSWICKEGBYGIVENPULOXVILOFWOMBUILTYPROJ
75,5,10.0,0.1067,-29.313,-284.904,1,182.0,TOWORVFORMEWHEREEVERYONEELSEHASNOTHINGWHENTHEYREACHPARADICESOTHEYAREAFRAIDO,TQCVKZVYMACCHUKCOZUMWVERUNBYHERFINGOFSCHPFORJAKJAGGEDMYBIGPBYTHYWIMPYVKDLBX
75,6,0.0,0.0,221.282,176.508,1,65.3,RENCEITISEVENBETTERTHANGETTINGYOURROCKSOFFWITHAGIRLTHEBESTPARTOFITIATHAEWHE,PAXFORMECOULDMANSLIVERTHANKSTHINGPINFACTOOVEMETHEPANYOUJUSTHISWORKEDBYHAZEL
75,6,1.0,0.16,173.358,131.939,1,171.4,RENCEITISEVENBETTERTHANGETTINGYOURROCKSOFFWITHAGIRLTHEBESTPARTOFITIATHAEWHE,DRXKITWASINGFORTYPMJSQUARTHOURBANDMAKESOFFLAWSCANDITHINGLYBEMYOFTHAVEHERESP
75,6,3.0,0.16,125.915,42.802,1,172.9,RENCEITISEVENBETTERTHANGETTINGYOURROCKSOFFWITHAGIRLTHEBESTPARTOFITIATHAEWHE,GCJXPLVISPARKSCHUMBLISHICHYTHEWONGBOXESOFFLIVIZINGTHEPLAQUADBUTFLYINTEDCRIM
75,6,10.0,0.04,-16.834,-269.178,1,188.1,RENCEITISEVENBETTERTHANGETTINGYOURROCKSOFFWITHAGIRLTHEBESTPARTOFITIATHAEWHE,MBQGUKGUMUNDEDBYFXYWHIVHBYHAVENPRMYPGAMICCOUGHTHEMAYJUSTOFSKYFICKHULLJKBZHX
75,7,0.0,0.1867,221.362,161.01,1,68.6,OFFWITHAGIRLTHEBESTPARTOFITIATHAEWHENIDIEIWILLBEREBORNINPARADICEANDALLTHEIH,JZYWILKINGABLEQUESTEDALLYINGONESOMEOFIREXPAGEBUTYOUHAVICESADRIVEDFROMSTHEPH
75,7,1.0,0.0933,172.215,103.751,1,207.4,OFFWITHAGIRLTHEBESTPARTOFITIATHAEWHENIDIEIWILLBEREBORNINPARADICEANDALLTHEIH,QXFYOURTHEGLUABLYTHISGUYFOREWRANDBADCOMPANZELLIKEDINGTOKINGSMOVESCMWITHJENJ
75,7,3.0,0.0267,117.348,-10.767,1,189.2,OFFWITHAGIRLTHEBESTPARTOFITIATHAEWHENIDIEIWILLBEREBORNINPARADICEANDALLTHEIH,QXSZMUSANDGOULETHERLYGUNSMIDWILOCALCOMPROVEDTOKBACKAGAMBLOGYPMIFYOPWHERJFVJ
75,7,10.0,0.04,-30.752,-411.581,1,180.7,OFFWITHAGIRLTHEBESTPARTOFITIATHAEWHENIDIEIWILLBEREBORNINPARADICEANDALLTHEIH,DTHEKPANDJUMPXFORTHMCUPSHKQJWQXGZSXZGKCLOVEJAMBLAZBRUNKIMGUCCKEYCGCWITHVYVV
75,8,0.0,0.1733,219.467,185.196,1,57.3,ARADICEANDALLTHEIHAVEKILLEDWILLBECOMEMYSLAVESIWILLNOTGIVEYOUMYNAMEBECAUSEYO,AZAREUNFORALLINKINGISSUPPORTELLYOUWEREDBLACKSITEPLANDBECOMTHEDAVERYOUGHTJMW
75,8,1.0,0.0667,169.181,139.692,1,167.9,ARADICEANDALLTHEIHAVEKILLEDWILLBECOMEMYSLAVESIWILLNOTGIVEYOUMYNAMEBECAUSEYO,UQUBENTOFBUSSANDINGMAJORRIBLESSKINWERECTSUPDAILERSOFTHEPLYTHECOVERKINGHAZYW
75,8,3.0,0.16,108.039,48.684,1,7766.3,ARADICEANDALLTHEIHAVEKILLEDWILLBECOMEMYSLAVESIWILLNOTGIVEYOUMYNAMEBECAUSEYO,UJUDYWEREDUPPABIGBINGVALLEDMYPPLEWICKCOMPUSINGMYLPSTORYSTHOFCOSACKLEWIFEXHI
75,8,10.0,0.04,-35.655,-269.846,1,4706.3,ARADICEANDALLTHEIHAVEKILLEDWILLBECOMEMYSLAVESIWILLNOTGIVEYOUMYNAMEBECAUSEYO,WQWCUMENTCWPPSBOYBYZANDJJKCOUPPOKMYXFXVIPWHOLYOUJPGITSUHAVEGXVGAXFORMYGERVY
75,9,0.0,0.08,223.181,172.863,1,65.9,RTUEANAMALOFALLTOKILLSOMETHINGGIVESMETHEMOATTHRILLINGEXPERENCEITISEVENBETTE,ZHOWSFORKINGONTHEMSINTERWHATQUANDLYREAVERYMUCHPATISFULLYWEHAVEJUSTEDOFBOXCL
75,9,1.0,0.0133,185.884,130.185,1,7800.8,RTUEANAMALOFALLTOKILLSOMETHINGGIVESMETHEMOATTHRILLINGEXPERENCEITISEVENBETTE,QUZOLICYCALICKJUSTMAKESYOUHAVETHEWAYBUTBYANDPROFJAVIEWFROMTHEBEDMEBEGINGXPW
75,9,3.0,0.04,134.724,44.83,1,4754.4,RTUEANAMALOFALLTOKILLSOMETHINGGIVESMETHEMOATTHRILLINGEXPERENCEITISEVENBETTE,XKSCOMBUTHERBACKFRIHANFUCKWASPENDYOUGINGUSALLWITCHAMPYTOCOVERGELINGDJMZJQLY
75,9,10.0,0.0133,4.676,-253.915,1,207.1,RTUEANAMALOFALLTOKILLSOMETHINGGIVESMETHEMOATTHRILLINGEXPERENCEITISEVENBETTE,QHOWDJBYTHEABUGHURCHUGUYWHEREFRICKLYMADMYSOFFLINGHEJFKNOWITSAMPFCGMCVJXVZFK
75,10,0.0,0.0267,221.485,175.483,1,61.6,REACHPARADICESOTHEYAREAFRAIDOFDEATHIAMNOTAFRAIDBECAUSEIVNOWTHATMYNEWLIFEISL,CHLINGTOBEMAKERANKFUCKYROLDWERESTINGYOURJUICYMEPHILOVEDTHEWANTSOFTHISMAXMZQ
75,10,1.0,0.0933,181.432,133.876,1,7806.2,REACHPARADICESOTHEYAREAFRAIDOFDEATHIAMNOTAFRAIDBECAUSEIVNOWTHATMYNEWLIFEISL,GULLYCHANDOFMARBYMERGMONALIZANDTHEYCOVERPREGOODPULLIKEITWASBYHAVEJUSTOFFOXQ
75,10,3.0,0.0133,131.802,50.661,1,4753.9,REACHPARADICESOTHEYAREAFRAIDOFDEATHIAMNOTAFRAIDBECAUSEIVNOWTHATMYNEWLIFEISL,GVWORKBYARMACKSORCONGCUPYWHISPROBERJUSTSANDGUMREVOWINTHATSFORBESOLVEDMIXMZQ
75,10,10.0,0.0133,-13.117,-240.592,1,188.3,REACHPARADICESOTHEYAREAFRAIDOFDEATHIAMNOTAFRAIDBECAUSEIVNOWTHATMYNEWLIFEISL,ZCWHUNGMAXFIVEBYUVJBZVKMMWHYHMXDGPUNKBABYBIZKFXSCHWARTHETHEYUGOBJECTSFORFLQ
75,11,0.0,0.0133,227.047,173.861,1,67.0,ESOTHEYAREAFRAIDOFDEATHIAMNOTAFRAIDBECAUSEIVNOWTHATMYNEWLIFEISLIFEWILLBEANE,VZANDWHICHENWELLJUSTINGMETALKINGISSUPREFROMARCHEDINTHAVEYOUPLAYONTHSBYBOXRP
75,11,1.0,0.0,185.878,128.385,1,7790.5,ESOTHEYAREAFRAIDOFDEATHIAMNOTAFRAIDBECAUSEIVNOWTHATMYNEWLIFEISLIFEWILLBEANE,IXBYGWORKIDSIDUALSOTRYANDGIVERSELFORMEDBACKUPJONGLYGOWITHASMUCHASTOFTHECZPM
75,11,3.0,0.0667,133.772,37.433,1,4772.9,ESOTHEYAREAFRAIDOFDEATHIAMNOTAFRAIDBECAUSEIVNOWTHATMYNEWLIFEISLIFEWILLBEANE,GXQWASADVICFICALLYHADWASCHIZEDFORTHEBACKETINJUREARWHANGUPMYBATPMFARTOPSTOJB
75,11,10.0,0.04,6.891,-280.9,1,196.9,ESOTHEYAREAFRAIDOFDEATHIAMNOTAFRAIDBECAUSEIVNOWTHATMYNEWLIFEISLIFEWILLBEANE,JQXBOROWLIGHTGPSSOHOWBRIGHTEDWHEMMHAVEGUYOUDONFROMBHONJACKOVPACKHOFMYCLOZOV
100,0,0.0,0.02,213.202,181.447,1,79.8,UCHFUNITIAMOREFUNTHANKILLINGWILDGAMEINTHEFORRESTBECAUSEMANISTHEMOATDANGERTUEANAMALOFALLTOKILLSOMETHI,RKOGIVEPRESCHNPROFITSANDDECULLYQUESTICKINGABOUGHMAKERJUSTOWNFORSHAVELOUTHERRECTSLIMPLYBECARDIWASTHIN
100,0,1.0,0.04,151.639,113.718,1,7845.1,UCHFUNITIAMOREFUNTHANKILLINGWILDGAMEINTHEFORRESTBECAUSEMANISTHEMOATDANGERTUEANAMALOFALLTOKILLSOMETHI,MGZBUTTHEWETOSOMEANDCHALLTINGJOINWESTIONSBRACKQUINGWMAKEDECRAZYEXPROVENSOFMYWIDEVELOVOFFTHELEPRESUNA
100,0,3.0,0.07,76.065,-21.739,1,4811.3,UCHFUNITIAMOREFUNTHANKILLINGWILDGAMEINTHEFORRESTBECAUSEMANISTHEMOATDANGERTUEANAMALOFALLTOKILLSOMETHI,DZVENTLIKEYOUJUDEEXBACKPPLWHATSTHEYMOWNXJECTOFSQUIZEDIFYBELIEVEYOUSAGEHMURDEEWBYGROUGSTROCKPRACYMQXK
100,0,10.0,0.09,-64.599,-495.839,1,1736.2,UCHFUNITIAMOREFUNTHANKILLINGWILDGAMEINTHEFORRESTBECAUSEMANISTHEMOATDANGERTUEANAMALOFALLTOKILLSOMETHI,ZXOPTIONOKHOOOOZOOJCROOFFOVGAYOOGKHOOVEJOPOSTQUODEXKZWQHCOBOOOOHALOOMOGOOOZOKVCHMOOOMOOOOOOFOOOHOOJO
100,1,0.0,0.01,209.008,179.678,1,65.5,VEENOUGHSLAVESTOWORVFORMEWHEREEVERYONEELSEHASNOTHINGWHENTHEYREACHPARADICESOTHEYAREAFRAIDOFDEATHIAMNO,EHPJUSTABBLEINFORUMENGMUCHAPSTHECLERWICKETALBURDAYSTHATWHATIMPORANDSOVERINGFACELLCONSLEVINGTODAYOUXG
100,1,1.0,0.07,145.077,113.812,1,7834.6,VEENOUGHSLAVESTOWORVFORMEWHEREEVERYONEELSEHASNOTHINGWHENTHEYREACHPARADICESOTHEYAREAFRAIDOFDEATHIAMNO,HTFJUSTDONCHYSINAUGHTKGWEEDFORTHEEXPAYEQUIDCOPPEDBUTEDRANDINGFOLDFROMALLYSKIDEXCEEMTOCLASTERMEDBMWZK
100,1,3.0,0.02,67.855,-17.919,1,4783.7,VEENOUGHSLAVESTOWORVFORMEWHEREEVERYONEELSEHASNOTHINGWHENTHEYREACHPARADICESOTHEYAREAFRAIDOFDEATHIAMNO,CKGIFTEDEUMCREETOFJCVZJXHEDGERKCHWEPERHELEDMEAPEDBLEEDREADENJGISDONEYSESREZEDHEMWHYVEMESEVERYEDBYXQZ
100,1,10.0,0.15,-125.428,-478.979,1,1714.2,VEENOUGHSLAVESTOWORVFORMEWHEREEVERYONEELSEHASNOTHINGWHENTHEYREACHPARADICESOTHEYAREAFRAIDOFDEATHIAMNO,XQMSVIMHALFXBOKERVDXWODKYAHMCAQXYJOGABYANAHFARGOHOLMAHAASHANDMUCHTICPOOCBOOKHYOFJYPWCFOOTWEAPOHOPKZO
100,2,0.0,0.01,218.532,176.581,1,89.2,THEBESTPARTOFITIATHAEWHENIDIEIWILLBEREBORNINPARADICEANDALLTHEIHAVEKILLEDWILLBECOMEMYSLAVESIWILLNOTGI,LAYWILLINGQUICKANDMOTHINGSTEDSCAPEWORDWINGEXTRENTAKINGTOPPLAYCMSTOHAVEDTHESPROFJOYOURPRINCEHASSBUZZA
100,2,1.0,0.13,151.806,110.774,1,12423.7,THEBESTPARTOFITIATHAEWHENIDIEIWILLBEREBORNINPARADICEANDALLTHEIHAVEKILLEDWILLBECOMEMYSLAVESIWILLNOTGI,NLYPRINGALLSOFSMALABOUTINGDCOGAMERPETOPWATCHBREADMIRANDBEENLYFATHEIMPRODUCKEVETHEYESWERSINCUMKKJXZQM
100,2,3.0,0.05,90.875,-20.839,1,262.6,THEBESTPARTOFITIATHAEWHENIDIEIWILLBEREBORNINPARADICEANDALLTHEIHAVEKILLEDWILLBECOMEMYSLAVESIWILLNOTGI,KEESEEKOBENZIPPUBLEENMOMEWHYSWOUFESCESSEDAYINEXBHUTEBEHEFFKEEPELECTURESHMYGFACTIVEVERFERMAYMUGGEDJQU
100,2,10.0,0.04,-100.742,-481.487,1,1728.5,THEBESTPARTOFITIATHAEWHENIDIEIWILLBEREBORNINPARADICEANDALLTHEIHAVEKILLEDWILLBECOMEMYSLAVESIWILLNOTGI,ZXGMBAZBYANDTHBUYTHPIGTHCQJVMQXUKPMVSMMCONVERPLYJULBYCJPKKZXGHHERVOUSPMJGVFKEVIEWGWORKPTHAVGUFFINDSU
100,3,0.0,0.19,220.982,192.384,1,68.4,EANAMALOFALLTOKILLSOMETHINGGIVESMETHEMOATTHRILLINGEXPERENCEITISEVENBETTERTHANGETTINGYOURROCKSOFFWITH,GMAXISANDSCAPSCOMMUNIONHEALLEDAYINTHEIRSTTHEFAMOBLACKGROWINGTOHAVEQUIPPERTHEBLOTTFULDEVERYWAYSTJAZZH
100,3,1.0,0.21,161.254,127.452,1,4806.1,EANAMALOFALLTOKILLSOMETHINGGIVESMETHEMOATTHRILLINGEXPERENCEITISEVENBETTERTHANGETTINGYOURROCKSOFFWITH,EXASCOUNTOFUGATPMMANCEWHYALLYFORCETHECROSSHEJUMPFLOWEEDENVERSPROVERBIGGEDTHATLESSJULINKEDBYFRANKIZQH
100,3,3.0,0.09,79.747,-2.413,1,1725.9,EANAMALOFALLTOKILLSOMETHINGGIVESMETHEMOATTHRILLINGEXPERENCEITISEVENBETTERTHANGETTINGYOURROCKSOFFWITH,KQJAMBGRABIGZANUPPERMSACHJDDHOWLMVACYMABFFCKAGPULDWORKSSHAVEFUNWAYALIZZYSACANDSFFANDTOOKSTALLATEREXC
100,3,10.0,0.02,-60.265,-456.937,1,275.0,EANAMALOFALLTOKILLSOMETHINGGIVESMETHEMOATTHRILLINGEXPERENCEITISEVENBETTERTHANGETTINGYOURROCKSOFFWITH,TFKBYJVZTJQVXTSTMMTZYTUGKKHHKITTYTTGTYPJCCGTTVMTTHTWITTTTTTTCTTTTTTTRXXTTTGTTHTCCTTHATATTENTTTLEDTOG
100,4,0.0,0.13,205.95,181.448,1,58.6,NINTRYINGTOCATCHMETHATWASNTMEONTHETVSHOWWHICHBRINGOUPAPOINTABOUTMEIAMNOTAFRAIDOFTHEGASCHAMBERBECAASE,KEBEFORTHEACONCRSJURINGASBUSTABERYEXPLAGGRECLIZETHANDIDOUKNOWANESTEDSTONMYFORMOVERTHISCLOSINGWECAMPJ
100,4,1.0,0.08,136.106,117.246,1,195.7,NINTRYINGTOCATCHMETHATWASNTMEONTHETVSHOWWHICHBRINGOUPAPOINTABOUTMEIAMNOTAFRAIDOFTHEGASCHAMBERBECAASE,ZEDMOVEREMICBUCYOFTYPULHADTOREDMYIMASKELLYECKWHEREINGPGJXZUBEENMOREFORJUSTABENJAMYREPACKBOWTHENCHSQF
100,4,3.0,0.03,54.987,-11.158,1,1669.4,NINTRYINGTOCATCHMETHATWASNTMEONTHETVSHOWWHICHBRINGOUPAPOINTABOUTMEIAMNOTAFRAIDOFTHEGASCHAMBERBECAASE,ZVKYWTHEBYEMSEMPCHAPLEGEEKACOUKYPAYINDUGGPVMDERVEBELXLXSIZESJULYCOVICESEFORSHISTYPOBLEMDSCENTJAMEFQH
100,4,10.0,0.01,-145.572,-460.574,1,5133.8,NINTRYINGTOCATCHMETHATWASNTMEONTHETVSHOWWHICHBRINGOUPAPOINTABOUTMEIAMNOTAFRAIDOFTHEGASCHAMBERBECAASE,JYZVTALKEVEDBCDMUJQMXCHEEZQUKGZVMEVEREGHHMYDELTYKEEPXXXWEJCBLGPVUKYOUKWCLINBLOWSVMKEXEDEBULINLADELFJ
100,5,0.0,0.0,208.1,169.832,1,75.0,METOPARADLCEALLTHESOOHERBECAUSEENOWHAVEENOUGHSLAVESTOWORVFORMEWHEREEVERYONEELSEHASNOTHINGWHENTHEYREA,ZGXYCHOFTHESOTHANGECANDPAGEFORTSMAINKEITMYOUNGTHETRICALLEVAULTINSPIDESOMEWISHEDNORBYANDBRANDWINGJUSQ
100,5,1.0,0.07,144.473,102.584,1,1692.1,METOPARADLCEALLTHESOOHERBECAUSEENOWHAVEENOUGHSLAVESTOWORVFORMEWHEREEVERYONEELSEHASNOTHINGWHENTHEYREA,XVBYJERSETAUGHTHAVIDCASDEVASTOFULCLAIMPFLYTHATHEMFORDWORMICKOFLAUDPSMURINGPUTISAGOBYHANNEWASGRAVEKUZ
100,5,3.0,0.0,73.52,-31.912,1,5144.3,METOPARADLCEALLTHESOOHERBECAUSEENOWHAVEENOUGHSLAVESTOWORVFORMEWHEREEVERYONEELSEHASNOTHINGWHENTHEYREA,EFIREKEVEGAMERGEDFORBDWELFAVECHMEBEDSUPHERENDERKUHCERESOUTBYTHEDMEPWUMEONEPMGOWDECAREDSIZEDWEEDFLYMX
100,5,10.0,0.04,-62.431,-502.647,1,188.5,METOPARADLCEALLTHESOOHERBECAUSEENOWHAVEENOUGHSLAVESTOWORVFORMEWHEREEVERYONEELSEHASNOTHINGWHENTHEYREA,EZIGTOOJACKHOVCODZOOMDFORZKJOOPHOMODEXWPOGOODSVOXPOOOOOOXYMONPODHOWFXHOUNOWHCOFDOORGODBLOODFOODZOOHQ
100,6,0.0,0.01,216.55,188.03,1,1577.4,DIEIWILLBEREBORNINPARADICEANDALLTHEIHAVEKILLEDWILLBECOMEMYSLAVESIWILLNOTGIVEYOUMYNAMEBECAUSEYOUWILLT,GFZEBUTTINGDIDYOURLIGHTHERPROMSSAYWHYWORKESINGBUTSIDEVERECATIONOFJUSTHANKFORCALECOMEDIREPLANCALBESTQ
100,6,1.0,0.1,147.933,126.801,1,212.2,DIEIWILLBEREBORNINPARADICEANDALLTHEIHAVEKILLEDWILLBECOMEMYSLAVESIWILLNOTGIVEYOUMYNAMEBECAUSEYOUWILLT,FGWITHERLOVELIKEHOWEVENSAYSOURCCLASSANDQUICKOFTHECLEATMYMBREEDONGTHCRAZINGDYBJPMBERMELYASPROBJPTICEX
100,6,3.0,0.14,64.433,4.343,1,5119.2,DIEIWILLBEREBORNINPARADICEANDALLTHEIHAVEKILLEDWILLBECOMEMYSLAVESIWILLNOTGIVEYOUMYNAMEBECAUSEYOUWILLT,ZVJAMACOLLEALINGAFTHEXERCKOFORPPOWERWHATHAPOLZMACPLACABKBYSCHALIVEAPONDINVAKYSUBYGRBALKCOUSLYSUMAPCQ
100,6,10.0,0.02,-122.654,-424.261,1,184.7,DIEIWILLBEREBORNINPARADICEANDALLTHEIHAVEKILLEDWILLBECOMEMYSLAVESIWILLNOTGIVEYOUMYNAMEBECAUSEYOUWILLT,FFBJFZQFXUKVXDEFZKAFKANYFFFKEVPPTWHYWOFFSJPRUFFZQPXVFFCFCMFQFFULFIZPFFFFFFFFMFGCMFVCVXFFFGFUMFGFJPQF
100,7,0.0,0.06,218.292,177.481,1,1566.6,HERBECAUSEENOWHAVEENOUGHSLAVESTOWORVFORMEWHEREEVERYONEELSEHASNOTHINGWHENTHEYREACHPARADICESOTHEYAREAF,TSGUYSCRIMSANDTWILLQUINTOFPARKINDOFABUCKEDTHEYMAYBEOVERFORTOKJUSTHANDTEASTSEVERSTHEBOXCOMINGTHEWFLPZ
100,7,1.0,0.24,160.579,121.561,1,234.0,HERBECAUSEENOWHAVEENOUGHSLAVESTOWORVFORMEWHEREEVERYONEELSEHASNOTHINGWHENTHEYREACHPARADICESOTHEYAREAF,HEJUNEQUITEMACHINGGUYBYHAVEASSOFCONALLYRICHEENTANDPOLISWASHESKYTHEMYCHIMTHEPRIZEHOWDERBUTIFTHEPINGEX
100,7,3.0,0.1,85.637,9.719,1,5159.5,HERBECAUSEENOWHAVEENOUGHSLAVESTOWORVFORMEWHEREEVERYONEELSEHASNOTHINGWHENTHEYREACHPARADICESOTHEYAREAF,DBALKAWASABCORDSOFFAMEADATARGAZARVARINATURDANKARKMYVAUGHAGDPALMEDICARDUCEDBYJULADIAMPEXHASANDAYSAFAQ
100,7,10.0,0.02,-46.59,-381.725,1,10871.1,HERBECAUSEENOWHAVEENOUGHSLAVESTOWORVFORMEWHEREEVERYONEELSEHASNOTHINGWHENTHEYREACHPARADICESOTHEYAREAF,CHWIZINDIIHVAXCIAMMEIFICITIGIIIIXJIGBYPIKXCIUZIGZIIJOKIIIICIIIIICIVIXCKVICHINKSICLEIIIIIIIIRCIIIIMIQ
100,8,0.0,0.08,205.347,171.883,1,75.0,WILLSENDMETOPARADLCEALLTHESOOHERBECAUSEENOWHAVEENOUGHSLAVESTOWORVFORMEWHEREEVERYONEELSEHASNOTHINGWHE,WXSSMALJULYTHENEWSDICKSINTOTHEPUBADCOMPANDWNCRILLFIVEOVERTOTHWHEREDQUAREAPPARINGFLATSOMECONTINGLYWEA
100,8,1.0,0.03,146.796,106.215,1,5128.0,WILLSENDMETOPARADLCEALLTHESOOHERBECAUSEENOWHAVEENOUGHSLAVESTOWORVFORMEWHEREEVERYONEELSEHASNOTHINGWHE,KQBBUTEXPREFWGIGABLESABOUTOFMYSTALLSJUSTINKUSHERIVERYOUGHTONMKMCHANDPLAYLISTHEINVETTBODYSOIFOURICKYL
100,8,3.0,0.02,66.617,-25.119,1,190.4,WILLSENDMETOPARADLCEALLTHESOOHERBECAUSEENOWHAVEENOUGHSLAVESTOWORVFORMEWHEREEVERYONEELSEHASNOTHINGWHE,ZXWWAGNEIVEDEFIFTWASMEWHASPDAYMARCAMJAMGASZAMUSVKINBYPOFUSPLAZAQUESTICKYCOMGUSININGSWPLYMPADHARKOZYC
100,8,10.0,0.0,-131.265,-484.791,1,10833.6,WILLSENDMETOPARADLCEALLTHESOOHERBECAUSEENOWHAVEENOUGHSLAVESTOWORVFORMEWHEREEVERYONEELSEHASNOTHINGWHE,MLXXVWZNVPSURFPFIXBYJAXBUYGUMDKBECBJAVKWPYMUJHYPZQANDGOFHYGIMMMTHEYSVCRDCLKWHYPEQZWYXGODJGPUBUTZIMDC
100,9,0.0,0.05,216.361,166.079,1,85.3,BECAASEITWILLSENDMETOPARADLCEALLTHESOOHERBECAUSEENOWHAVEENOUGHSLAVESTOWORVFORMEWHEREEVERYONEELSEHASN,ZTHANDINGMYBADSIXPARTJULEXCHINCAVETOTHEFLYTHEBUTTHAVELESSWORKEDBUGFORTMOREPACKSMETHINGALLOWINCOSENDQ
100,9,1.0,0.08,155.583,99.134,1,5164.6,BECAASEITWILLSENDMETOPARADLCEALLTHESOOHERBECAUSEENOWHAVEENOUGHSLAVESTOWORVFORMEWHEREEVERYONEELSEHASN,ZBEYOUCANEXCLUSTINGTHTHEFILECOLLAMBEHIMVERBEFORBBQPIMPOSSEDAYMUCHAVETHEDNOWPRISEMBACKAGENDECKLESMOUJ
100,9,3.0,0.0,74.695,-34.757,1,2600.2,BECAASEITWILLSENDMETOPARADLCEALLTHESOOHERBECAUSEENOWHAVEENOUGHSLAVESTOWORVFORMEWHEREEVERYONEELSEHASN,QCEZEMONORTHEMDUPABLETHEPPVELEVELYCIELYHEXCEPTACCOIFYORDDIWANYMHHSHILERWARSINGDRYCOOKSBETWILKVIDYEMJ
100,9,10.0,0.01,-110.296,-503.374,1,8401.8,BECAASEITWILLSENDMETOPARADLCEALLTHESOOHERBECAUSEENOWHAVEENOUGHSLAVESTOWORVFORMEWHEREEVERYONEELSEHASN,WKQDBJZINGTHBJCOMEMBUSHUUMXQXBXBAYKUULYFUNKQUARKKTHEYOFCCVGARYJHHFFUBUGGIFTHESCGYKPZVFMULGVXVXUCYBJD
100,10,0.0,0.0,212.894,175.227,1,70.5,MEIAMNOTAFRAIDOFTHEGASCHAMBERBECAASEITWILLSENDMETOPARADLCEALLTHESOOHERBECAUSEENOWHAVEENOUGHSLAVESTOW,PJULPMAKINGEXPANDOTHEANSIZETHEINBLOGSYOURRATOPPICKSBULLINGERVESTOFFOLDMINICOULDAYSBUTTEACHWARINTHEKY
100,10,1.0,0.12,151.572,107.26,1,5157.2,MEIAMNOTAFRAIDOFTHEGASCHAMBERBECAASEITWILLSENDMETOPARADLCEALLTHESOOHERBECAUSEENOWHAVEENOUGHSLAVESTOW,CQINCOMPLATFORMARKEDFIESLATERTHEINDYOUWILLIGARCHBYZIONTHEYFLESSEDJJKVXTHELEDAVEMUSINGGAMEDWILLBEPSYU
100,10,3.0,0.03,73.266,-28.673,1,10859.2,MEIAMNOTAFRAIDOFTHEGASCHAMBERBECAASEITWILLSENDMETOPARADLCEALLTHESOOHERBECAUSEENOWHAVEENOUGHSLAVESTOW,YLOGYUKTHJAPARKJERSEPODSHEWSTWODOGMORETOCCOVERYONELONGENDOPCIESSMXXREQUODHEMBEEKZSOFVVIKEETOCHASBEEZ
100,10,10.0,0.02,-145.596,-504.439,1,115.6,MEIAMNOTAFRAIDOFTHEGASCHAMBERBECAASEITWILLSENDMETOPARADLCEALLTHESOOHERBECAUSEENOWHAVEENOUGHSLAVESTOW,VTLVVIZIMPAGELZPOLHUGHKMMTBHDBKKWVXJDILLYYHCALVKSJEWEVERKJGYNUMHXQQLFORKKMFXFFTZUMWACCUZFUNHYMSHOUJU
100,11,0.0,0.02,215.032,177.304,1,5015.3,HEBESTPARTOFITIATHAEWHENIDIEIWILLBEREBORNINPARADICEANDALLTHEIHAVEKILLEDWILLBECOMEMYSLAVESIWILLNOTGIV,PKOITHOUGHINGHASEFORMPOWEREMALEDTOREMOVINGYOURBRAZISJUSTDEPRESSLOVEDFORMETYOUBACKCANYBLINGLEFTTHEWAL
100,11,1.0,0.01,149.025,112.875,1,212.9,HEBESTPARTOFITIATHAEWHENIDIEIWILLBEREBORNINPARADICEANDALLTHEIHAVEKILLEDWILLBECOMEMYSLAVESIWILLNOTGIV,JBSCHWORKWIZAWANALQUEJORDVDSANDPMSUBSSOFFALOTINVANCETHEMPAJUDINGOLDPROVEDMISALLYBYTHINGCHANDRMETAXAG
100,11,3.0,0.1,66.762,-15.983,1,10822.8,HEBESTPARTOFITIATHAEWHENIDIEIWILLBEREBORNINPARADICEANDALLTHEIHAVEKILLEDWILLBECOMEMYSLAVESIWILLNOTGIV,CXPANDITEDFRIDGAINWHACITYBYMGMYHUPHEMPRISISINFABGOALILLUHICHYEAVITYHJIBAYUKPORTZXZQKKAVAKIMYJUSTINGV
100,11,10.0,0.08,-117.615,-466.986,1,90.7,HEBESTPARTOFITIATHAEWHENIDIEIWILLBEREBORNINPARADICEANDALLTHEIHAVEKILLEDWILLBECOMEMYSLAVESIWILLNOTGIV,YZJANKHERKELYKCHATSWHYAAGCGXCFGPUJWAXJOBBYAHORACCLADDEDUPAYWGTHVANGPFACHGUMJFRIZZZIMMAVAMYFGFUSTAQCV
