length,trial,distinct,acc,best_score,true_score,spurious,plain,best
13,0,13,0.0,188.261,114.626,1,VESIWILLNOTGI,SIFYOUREANDTH
13,1,13,0.0,185.817,116.948,1,ORRESTBECAUSE,RYOFTHESANDIM
13,2,13,0.0769,182.197,106.471,1,FUNTHANKILLIN,SCLEANDWITHOU
13,3,13,0.0,185.545,103.927,1,EYREACHPARADI,BUSINGOFTHEPR
13,4,13,0.0,185.817,133.418,1,MEBECAUSEYOUW,LDYOURINGTHEM
13,5,13,0.0,183.826,105.199,1,EKILLINGPEOPL,AVERYOUTHINGS
13,6,13,0.0,190.523,114.689,1,OFDEATHIAMNOT,CKINGFORTHEMA
13,7,13,0.0,181.654,139.166,1,ECAUSEYOUWILL,OVERTHANDISCU
13,8,12,0.0,173.099,127.265,1,TRYINGTOCATCH,USEOFTHINGAND
13,9,13,0.0,185.726,99.562,1,BETTERTHANGET,UCKINGOFTHESA
13,10,13,0.0,185.636,91.687,1,MEWHEREEVERYO,SOFTHEPRINGAB
13,11,13,0.0,185.636,109.983,1,UNTHANKILLING,REDWITHANKYOU
13,12,13,0.0769,185.545,89.226,1,ILLBEREBORNIN,WITHANKYOURSE
13,13,12,0.0,174.262,126.07,1,NGETTINGYOURR,BEINGTHEPRODU
13,14,13,0.0,185.364,160.711,1,LDGAMEINTHEFO,ILOVERTHANKSF
13,15,13,0.0769,189.437,131.321,1,LLSENDMETOPAR,SAYINGTHEWORL
13,16,13,0.0,185.817,111.951,1,DEATHIAMNOTAF,RYOFTHESANDIM
13,17,12,0.0,170.771,128.81,1,SOFFWITHAGIRL,WILLSANDTHECO
13,18,13,0.0,186.451,103.927,1,EYREACHPARADI,UREANDTHISCOM
13,19,12,0.0769,171.935,113.74,1,NOWHAVEENOUGH,DINGTHECOMPAG
13,20,12,0.0,167.694,114.342,1,GIVEYOUMYNAME,MOTHERSANDCAL
13,21,12,0.0769,166.364,93.031,1,LLTHEIHAVEKIL,PLEASTANDYOUR
13,22,12,0.3077,170.189,116.145,1,FWITHAGIRLTHE,SOFTHERINGWHA
13,23,13,0.0,183.916,110.667,1,EMOATTHRILLIN,SWITHERANDCOM
20,0,20,0.0,225.363,168.711,1,INTHEFORRESTBECAUSEM,LUSFROMACKINGTHEDBYP
20,1,18,0.05,201.718,152.042,1,ROCKSOFFWITHAGIRLTHE,DPLACESSTHEINGYOURIM
20,2,20,0.05,225.857,126.393,1,HAMBERBECAASEITWILLS,BLACKEDSOFTHEPRINGMY
20,3,18,0.05,212.442,96.944,1,YNEWLIFEISLIFEWILLBE,PLYWIDESOFTHEBACKING
20,4,19,0.0,219.031,107.134,1,ARTOFITIATHAEWHENIDI,RYJUSTHELINGBANDCOMP
20,5,19,0.0,212.442,140.039,1,CESOTHEYAREAFRAIDOFD,LDWASTHECOVERYINGFRU
20,6,20,0.05,224.877,150.253,1,AGIRLTHEBESTPARTOFIT,YMUCHINGPERSOFTWALKB
20,7,20,0.05,223.869,125.16,1,LLBEANEASYONEINPARAD,DSOFTHEWORKINGMAYBUC
20,8,17,0.0,200.936,131.825,1,INGGIVESMETHEMOATTHR,FULLYANDTOMISTHEPRIC
20,9,20,0.05,222.477,157.07,1,NGPEOPLEBECAUSEITISS,DBYTHESERVINGPLACKOF
20,10,20,0.0,222.079,126.349,1,ICHBRINGOUPAPOINTABO,DYSAMEWORKINGTHECLUB
20,11,19,0.1,213.01,102.706,1,THEMOATDANGERTUEANAM,FYOUCANDTHEMISPROBLU
20,12,19,0.0,217.772,123.329,1,EALLTHESOOHERBECAUSE,KSFORANDWHATPUBLICEM
20,13,19,0.0,219.826,133.317,1,FUNTHANKILLINGWILDGA,UMBLACKERSOFTHINGWHY
20,14,19,0.05,218.169,123.719,1,PARADICEANDALLTHEIHA,BLYWHATUREDINGCOMPOS
20,15,20,0.0,224.929,112.083,1,IEIWILLBEREBORNINPAR,YDJUSTINGOFTHEMARKBL
20,16,19,0.05,225.857,119.869,1,HANKILLINGWILDGAMEIN,GUNCOMPLATEDBYTHISFR
20,17,19,0.05,220.489,155.787,1,TINGYOURROCKSOFFWITH,DSUCKINGFORTHALLYEXP
20,18,19,0.0,218.567,101.839,1,PARADLCEALLTHESOOHER,RKSCOMPLETHINGABUNDY
20,19,19,0.0,212.758,133.371,1,FUNITIAMOREFUNTHANKI,IMPLYTHEREVIOUSANDCB
20,20,18,0.05,203.794,154.01,1,ASNOTHINGWHENTHEYREA,USEDWITHORICALINGMYF
20,21,18,0.05,208.841,144.964,1,NTHEYREACHPARADICESO,LYSPECTHISFORMAKINGD
20,22,18,0.0,205.563,103.765,1,TMYNEWLIFEISLIFEWILL,YBLACKEDTHEMOSTINGRE
20,23,17,0.05,198.59,107.768,1,EWHEREEVERYONEELSEHA,RDSTHEPUBLINFORMATSC
32,0,31,0.0312,241.691,158.179,1,OFDEATHIAMNOTAFRAIDBECAUSEIVNOWT,ANDWELCOMPACKINGSFORTHEVERYBUTIJ
32,1,27,0.0625,226.956,157.465,1,RYINGTOCATCHMETHATWASNTMEONTHETV,JXPBUTWHICHELOVERINGFORLYMAKESTD
32,2,30,0.125,237.429,168.728,1,OUMYNAMEBECAUSEYOUWILLTRYTOSLOID,XBEINGEVERYWASTHATWOULDPICKOFJUM
32,3,29,0.0312,236.772,146.733,1,UGHSLAVESTOWORVFORMEWHEREEVERYON,PLYJUSTINGSANDTHEBACKYOURETHEMWF
32,4,30,0.0938,239.856,141.036,1,TBECAUSEMANISTHEMOATDANGERTUEANA,WBYJULYMAKINGFORAVECOMPANDTHESQU
32,5,27,0.0,224.475,158.577,1,TABOUTMEIAMNOTAFRAIDOFTHEGASCHAM,FDWELLBACKBYJUSTHEMONTHISPROVIDB
32,6,31,0.0625,249.805,160.543,1,MOATTHRILLINGEXPERENCEITISEVENBE,XZVIEWOULDBEFORMANSPACKINGTHEYJO
32,7,28,0.0312,232.708,177.047,1,NGETTINGYOURROCKSOFFWITHAGIRLTHE,JAKINGPAINFORMEDBUTTHEYSCALLOWSV
32,8,31,0.0312,243.122,187.627,1,EKILLINGPEOPLEBECAUSEITISSOMUCHF,JUMPLAYBACKINGTHESINGWORDOFTHEVX
32,9,31,0.0625,239.687,173.977,1,TAFRAIDBECAUSEIVNOWTHATMYNEWLIFE,BVESANDFORINGWHATLIKEYOURCOMPLEX
32,10,27,0.0312,222.216,160.4,1,LBECOMEMYSLAVESIWILLNOTGIVEYOUMY,UBOWSEVERYTHICKANDFULLYTHINGAMER
32,11,28,0.0938,235.151,139.123,1,THEYREACHPARADICESOTHEYAREAFRAID,XAMPLECHANDSWITHINGMAYBERSOFUCKJ
32,12,29,0.0,240.324,144.225,1,NPARADICEANDALLTHEIHAVEKILLEDWIL,VJUSTHANDBACKINGEXPERFORTWILLMYN
32,13,27,0.0625,221.886,152.287,1,EEVERYONEELSEHASNOTHINGWHENTHEYR,LRUSANDWHATSBEINGTHECOMPELIVERYF
32,14,30,0.0312,238.048,145.786,1,HICHBRINGOUPAPOINTABOUTMEIAMNOTA,CWSCOMPARKINGANDOVERYTHEFILESUBJ
32,15,31,0.0,243.595,194.162,1,LLINGWILDGAMEINTHEFORRESTBECAUSE,DJUSTBEWITHCALLYFORMAKINGSPROVEQ
32,16,28,0.0312,229.596,158.604,1,NGWHENTHEYREACHPARADICESOTHEYARE,XGBECOMEWASVIDERFULLYDONTHEPARKJ
32,17,27,0.0938,232.708,150.689,1,MNOTAFRAIDOFTHEGASCHAMBERBECAASE,BQUEANDLIVINGTHEPORTSBACKFORMAYW
32,18,27,0.0938,225.803,136.297,1,CEALLTHESOOHERBECAUSEENOWHAVEENO,RDBYTHESTOFEXPLORACKINGIVEANDSMU
32,19,27,0.0312,224.033,163.411,1,OTHINGWHENTHEYREACHPARADICESOTHE,XWAYBUTANDMAKESOFHAVINGSTHERPLAC
32,20,28,0.0938,227.726,157.707,1,VERYONEELSEHASNOTHINGWHENTHEYREA,JOYOURETHEBACKINGANDIWASSMALPROV
32,21,28,0.0938,232.662,129.385,1,EMOATDANGERTUEANAMALOFALLTOKILLS,KEXAMPLESBUTYOURCEWITHANDINGFINJ
32,22,29,0.0312,233.527,131.389,1,LSENDMETOPARADLCEALLTHESOOHERBEC,WFUCKINGFOREDBYTHISWOMANCOMPLEXT
32,23,29,0.0312,233.053,170.153,1,GAMEINTHEFORRESTBECAUSEMANISTHEM,XPICKLYANDHAVEYOURBESTWINGFORAMI
50,0,44,0.02,238.482,195.2,1,FUNTHANKILLINGWILDGAMEINTHEFORRESTBECAUSEMANISTHEM,EZYMOVEDTHEJUSTANDSWILLYCOMESBACKFORBUTTHINGAPROXI
50,1,39,0.0,229.211,169.33,1,WHEREEVERYONEELSEHASNOTHINGWHENTHEYREACHPARADICESO,XAMINGYOUREDTOBEMANWITHAVECHANDPAGEFORSALLYOURSTJK
50,2,40,0.02,237.79,150.101,1,BERBECAASEITWILLSENDMETOPARADLCEALLTHESOOHERBECAUS,LHEWASEDBYJACKINGFROMFORBUTIONSAVINGTHEPUTALLYSEXQ
50,3,41,0.1,238.195,168.673,1,TABOUTMEIAMNOTAFRAIDOFTHEGASCHAMBERBECAASEITWILLSE,ZDYCOMEFOREXPLASTHINGSINTHROUNDEVERYOURABLACKWITHJ
50,4,40,0.04,236.855,150.101,1,BERBECAASEITWILLSENDMETOPARADLCEALLTHESOOHERBECAUS,OCYSTALKINGDEVERYOFTHEMWHEREXPANDERFUCKSBUTIONALJQ
50,5,40,0.1,238.199,181.21,1,MEBECAUSEYOUWILLTRYTOSLOIDOWNORATOPMYCOLLECTINGOFS,TZUREBUTWHOWASCOMPLINGLYANDSFORKINGTHEYCOVERSANDJQ
50,6,39,0.08,238.98,165.422,1,HINGWHENTHEYREACHPARADICESOTHEYAREAFRAIDOFDEATHIAM,EQUIREDOVERYWHISEXTRACKSOFTHEBULLYMAKINGPANDTHEJAZ
50,7,40,0.02,237.417,172.07,1,BECOMEMYSLAVESIWILLNOTGIVEYOUMYNAMEBECAUSEYOUWILLT,XBYGIVINGPROCKEDJUSTCOMEOFALLINTHISWAYOURBADTHEPUZ
50,8,39,0.06,232.875,166.65,1,EREEVERYONEELSEHASNOTHINGWHENTHEYREACHPARADICESOTH,CKUSBANDEVERBECOMPLYTOXIFYOURPOSTWASHOLDINGTHEMAJO
50,9,39,0.04,233.048,149.368,1,NTHEYREACHPARADICESOTHEYAREAFRAIDOFDEATHIAMNOTAFRA,XLOVETHESOUNDTHISAPPWORKBUTMYREALLYCANDOFTHINGBYJM
50,10,38,0.02,226.941,168.333,1,EEVERYONEELSEHASNOTHINGWHENTHEYREACHPARADICESOTHEY,LAZINGFROMEXPECTSTHEWASWELLBEASKINDERIFYOUDOHAVEMG
50,11,41,0.12,236.033,158.748,1,ADICESOTHEYAREAFRAIDOFDEATHIAMNOTAFRAIDBECAUSEIVNO,LDURBACKOFTHEVIEWASTHEFORCOLLINGTHEMINDSPRAYINGJQX
50,12,43,0.0,243.789,194.013,1,VENBETTERTHANGETTINGYOURROCKSOFFWITHAGIRLTHEBESTPA,XPANDJUSTHASBEFOREVERTHINGITWILLCOMAZEDBYJACKYOURQ
50,13,43,0.12,241.854,174.678,1,THETVSHOWWHICHBRINGOUPAPOINTABOUTMEIAMNOTAFRAIDOFT,XTSJUSTOMETHATWHICHINGMAKINGPREVERYFORYOURBANDLIBZ
50,14,40,0.02,238.678,160.615,1,WILLBEREBORNINPARADICEANDALLTHEIHAVEKILLEDWILLBECO,JKINGFORYOURMUCHASESITWOULDIVETHEPLAYANDBACKINGFIX
50,15,42,0.04,244.442,173.756,1,ETTINGYOURROCKSOFFWITHAGIRLTHEBESTPARTOFITIATHAEWH,XARIZEDANDINGJUSTTHECOMEBACKOFTHEFULLYITWASPROVEYO
50,16,41,0.0,236.375,174.568,1,LSEHASNOTHINGWHENTHEYREACHPARADICESOTHEYAREAFRAIDO,XQUATTHEWAVERSANDBACKSINMALLYFROMCOMPANDYOUTHINGJZ
50,17,43,0.08,244.904,185.297,1,INGEXPERENCEITISEVENBETTERTHANGETTINGYOURROCKSOFFW,ZQSOFTERTHEMACHINGINFORMEDBYJUSTRACKSWILLOVEDBYPPX
50,18,42,0.04,238.983,185.228,1,EXPERENCEITISEVENBETTERTHANGETTINGYOURROCKSOFFWITH,DOFTHISIMPROVERSANDBYTHEJACKINGMAKEYOUTWILLBEEXPRJ
50,19,43,0.16,246.092,187.175,1,UCHFUNITIAMOREFUNTHANKILLINGWILDGAMEINTHEFORRESTBE,ZXHAVINGFORMSBACKTHEYWOULDNTSPECTORINGTHEALLYOURJQ
50,20,37,0.02,227.853,167.769,1,VEKILLEDWILLBECOMEMYSLAVESIWILLNOTGIVEYOUMYNAMEBEC,IRPOSEDBYJUSTFORAVANCEWILLEXCUSHINGWITHTHANDMARKDO
50,21,36,0.1,227.656,149.284,1,ECAUSEENOWHAVEENOUGHSLAVESTOWORVFORMEWHEREEVERYONE,EXQUIMAGECONTRYINGDOWHATSJUSTOFTHEDBECOMPARTYLINKS
50,22,36,0.1,230.251,143.546,1,ESOOHERBECAUSEENOWHAVEENOUGHSLAVESTOWORVFORMEWHERE,EXPONSIBLYPRODUCTANCEWEMAKINGTHESOFPROVERTHELANDJU
50,23,40,0.02,234.182,174.206,1,RNINPARADICEANDALLTHEIHAVEKILLEDWILLBECOMEMYSLAVES,XBYJULPROVESTMAKINGTHETIMEANDIWASANDTHECOLORFILMSQ
75,0,52,0.0133,236.539,171.301,1,ARADICESOTHEYAREAFRAIDOFDEATHIAMNOTAFRAIDBECAUSEIVNOWTHATMYNEWLIFEISLIFEWIL,RXCUSEDBYDOINGTHETYPLASTWORKOFCALINGTHEQUAREPROVINGBEFORMANADJUSTILLOFTHEQZ
75,1,49,0.04,231.303,184.774,1,AREHAVINGLOTSOFFANINTRYINGTOCATCHMETHATWASNTMEONTHETVSHOWWHICHBRINGOUPAPOIN,MZGRANDOTHEYWILLWASJUSTANTAKEXPERIVERYCOMPLYIFYOURBANDREFORMERSTHATISBACKDJ
75,2,53,0.0133,236.908,181.39,1,LDGAMEINTHEFORRESTBECAUSEMANISTHEMOATDANGERTUEANAMALOFALLTOKILLSOMETHINGGIV,CZFSTOHAVERACKWILLEDBYJUSTHINGMENTANDINGFORPERSBYTHEMANDCOMPLEDUCTIVESOFFXQ
75,3,52,0.0133,234.367,171.301,1,ARADICESOTHEYAREAFRAIDOFDEATHIAMNOTAFRAIDBECAUSEIVNOWTHATMYNEWLIFEISLIFEWIL,YXISHOULDBACKINDREPROBLEMAYHAVINGTHIEFRUSTWORKERSANDPLAYINGJUSTHECOMOVEDPUZ
75,4,50,0.0,233.244,188.752,1,INPARADICEANDALLTHEIHAVEKILLEDWILLBECOMEMYSLAVESIWILLNOTGIVEYOUMYNAMEBECAUS,SXOFTHERECOMPLYINGLOGJUSTANYMARKINGWEVEREDBYFUCKSPRINTHEWOULDATEDTHESAMEOZQ
75,5,49,0.0667,227.305,184.723,1,NGLOTSOFFANINTRYINGTOCATCHMETHATWASNTMEONTHETVSHOWWHICHBRINGOUPAPOINTABOUTM,WHJOYWILLACKSOMEDTHINEXPERTSFREQUALLYTHEWORKINGROSURVERYMUCHINGBANDSPACEOFT
75,6,49,0.0267,224.903,176.355,1,GTOCATCHMETHATWASNTMEONTHETVSHOWWHICHBRINGOUPAPOINTABOUTMEIAMNOTAFRAIDOFTHE,LATISMINTHANOFORWHYTHEWINGAZINECONDINGBULLEXPECTEDMAKESATJUSTBEFORPROVERYNQ
75,7,48,0.0267,228.614,162.949,1,BERBECAASEITWILLSENDMETOPARADLCEALLTHESOOHERBECAUSEENOWHAVEENOUGHSLAVESTOWO,BSZONANDMYWORKINGUPWILLFORSEXPACKINGESHAVENTBYANDJULYTHEDICSOFTHEMPRINGMARV
75,8,48,0.0267,223.296,182.978,1,CEANDALLTHEIHAVEKILLEDWILLBECOMEMYSLAVESIWILLNOTGIVEYOUMYNAMEBECAUSEYOUWILL,NKYBLUSHOVERVICTURESALOTHEMANDIDINGSUCKINGTHELPFORCEMAZINGWITHANYEXAMPFORSH
75,9,51,0.04,235.375,181.545,1,HATWASNTMEONTHETVSHOWWHICHBRINGOUPAPOINTABOUTMEIAMNOTAFRAIDOFTHEGASCHAMBERB,OVEDBYSWILLPROBADFOUNDOFCONJUSTHATHANKSIMPLEXINGLIQUEVERBYTHEWORTHECOMINGZP
75,10,47,0.0133,230.86,163.416,1,ECAUSEENOWHAVEENOUGHSLAVESTOWORVFORMEWHEREEVERYONEELSEHASNOTHINGWHENTHEYREA,OWSFIRSTIVEDALCOUNTEXPLAYINGHAMAZINGOVERYSLACKBUTYOURREDINGMEOFTHESTHELPJCQ
75,11,53,0.04,236.084,182.523,1,OUMYNAMEBECAUSEYOUWILLTRYTOSLOIDOWNORATOPMYCOLLECTINGOFSLAVESFORMYAFTERLIFE,HZONEWOMANDITSJUSTBLACKINGFORBYTHERSUPIFYOUDBACKDOWNTHEPROVIDESLONGEXPLACEM
75,12,50,0.0133,228.617,178.665,1,TCHMETHATWASNTMEONTHETVSHOWWHICHBRINGOUPAPOINTABOUTMEIAMNOTAFRAIDOFTHEGASCH,APEOFWELLDOFBROWNTHESHAVEANDEXPECTICULATINGSMAKINGWORKFORALLYCOMPLYREQUIZPE
75,13,52,0.0533,233.666,177.922,1,NTHANKILLINGWILDGAMEINTHEFORRESTBECAUSEMANISTHEMOATDANGERTUEANAMALOFALLTOKI,ZFRISBUTTHEEXCOMEANDEVERWILLINGCOMPACKANDBYJURINGSPRIZEDFORWASANDTHISTOFQBU
75,14,54,0.1067,240.047,193.004,1,RILLINGEXPERENCEITISEVENBETTERTHANGETTINGYOURROCKSOFFWITHAGIRLTHEBESTPARTOF,SMBYTHEWALLYCANDHAVINGTHEWOULDPROJECTSIZEDBACKINGSOFFEMARKETSFORDINGUPMYPXF
75,15,50,0.0267,234.241,179.511,1,KILLEDWILLBECOMEMYSLAVESIWILLNOTGIVEYOUMYNAMEBECAUSEYOUWILLTRYTOSLOIDOWNORA,QDOUTHEPROFTHENINGFUCKINGSFROMMJACKWAYINGSANDSTHAVETABLEDURINGBECOMPLYSUBZX
75,16,53,0.0133,231.41,187.552,1,HEMOATTHRILLINGEXPERENCEITISEVENBETTERTHANGETTINGYOURROCKSOFFWITHAGIRLTHEBE,AYFORPRAGEMENTICKTHISWELLMYBODYFOCUSHEDANDISPROVINGWITHEJUSTTHEMAKINGQUALZO
75,17,48,0.0133,230.041,163.787,1,DMETOPARADLCEALLTHESOOHERBECAUSEENOWHAVEENOUGHSLAVESTOWORVFORMEWHEREEVERYON,XFORUMMYBROWNTHAVEDLIKELYITWINGSOFTHESANDJUDGECOMALQUICKPARTOFTHESPONADYBUZ
75,18,52,0.1467,235.895,192.6,1,GIVESMETHEMOATTHRILLINGEXPERENCEITISEVENBETTERTHANGETTINGYOURROCKSOFFWITHAG,HOCOMMEDIAMJUSTIFYOURTHEGRAVERWOULDBECAUSEXPANDINTHESTOTHINKINGWASAPPLYLIZH
75,19,53,0.04,240.83,183.339,1,AVESIWILLNOTGIVEYOUMYNAMEBECAUSEYOUWILLTRYTOSLOIDOWNORATOPMYCOLLECTINGOFSLA,ZYPLANDTHRICKLYDRIVESTOEXPLEANDFROMJUSTWASMUCHINGINGOFYOUWEREISTHEBACKINGHQ
75,20,51,0.0933,226.557,158.637,1,IRLTHEBESTPARTOFITIATHAEWHENIDIEIWILLBEREBORNINPARADICEANDALLTHEIHAVEKILLED,TZOJACKEDBYCOMPRIVINGANDFAMERSBUTWITHEFUCKINGILLEXPERSECONNOTHADBANDMYTHOUS
75,21,47,0.08,223.843,167.549,1,ERBECAUSEENOWHAVEENOUGHSLAVESTOWORVFORMEWHEREEVERYONEELSEHASNOTHINGWHENTHEY,DYKINGUPSHAMMENTACQUIREJUSTDONOWBUTIMPLIMESTHATCHFUNDINGSEXPLOREFORWEHAVEAZ
75,22,53,0.1067,240.358,177.279,1,DOFDEATHIAMNOTAFRAIDBECAUSEIVNOWTHATMYNEWLIFEISLIFEWILLBEANEASYONEINPARADIC,QZEXPORTHERINGLESANDBACKWITHADJUSTOURINGMOVEDBYTHEFUNCOMPERALLYWITHISASKQVC
75,23,46,0.0,223.479,158.047,1,OPARADLCEALLTHESOOHERBECAUSEENOWHAVEENOUGHSLAVESTOWORVFORMEWHEREEVERYONEELS,MZWJULYINGABLEDINCESBUTIVERSOFTHERANDIMPLEXYWASKINGCHARTOFTHESTONADJUMPSTAI
100,0,58,0.04,222.808,196.603,1,ILLINGPEOPLEBECAUSEITISSOMUCHFUNITIAMOREFUNTHANKILLINGWILDGAMEINTHEFORRESTBECAUSEMANISTHEMOATDANGERT,OMBERSONAJACKOFSUCHEDUPTHEYFIGHTOZONEDINGUYVIABLEMBERSQUALSHEWORKINGTHECALLOFMYCHESTOPPINEANDWAYSWXZ
100,1,58,0.01,219.319,175.458,1,ICHBRINGOUPAPOINTABOUTMEIAMNOTAFRAIDOFTHEGASCHAMBERBECAASEITWILLSENDMETOPARADLCEALLTHESOOHERBECAUSEE,FEATOMAKETHEYWOULDISPRINGSITHOURJOBBERBANKEREADITCHIVESUCHFROMMYPLAYINGWHOWEXPENDMYLACKSHAVETHESURLN
100,2,54,0.02,222.286,179.274,1,ATHAEWHENIDIEIWILLBEREBORNINPARADICEANDALLTHEIHAVEKILLEDWILLBECOMEMYSLAVESIWILLNOTGIVEYOUMYNAMEBECAU,VPREMORSINTERCOFTHINGWASEXCHANDKINGBUTIVATORMEREDSUCHARTOFTHINGJEWELLANDBYCONTHEMOVEDMYQUELIKESARGUZ
100,3,54,0.06,218.692,172.329,1,NISTHEMOATDANGERTUEANAMALOFALLTOKILLSOMETHINGGIVESMETHEMOATTHRILLINGEXPERENCEITISEVENBETTERTHANGETTI,DJXWOVERTHESALAZONIMPRESTOFTHINGBYTHENEEDOFALLKINGERCOVERSWHOBBITJULAQUIREDANYOFPRIVACANDISCOMPLEWHK
100,4,55,0.09,221.922,179.167,1,EMOATDANGERTUEANAMALOFALLTOKILLSOMETHINGGIVESMETHEMOATTHRILLINGEXPERENCEITISEVENBETTERTHANGETTINGYOU,VERANDWELOFTHEMAKEJUSTABOUNDSUBTHEPRIMALLGOTHECHIVERWINIFYOURBLOCKEXPECTSTMYCOVEYOUREDHIMALPINGALZSQ
100,5,57,0.03,224.047,184.26,1,BECOMEMYSLAVESIWILLNOTGIVEYOUMYNAMEBECAUSEYOUWILLTRYTOSLOIDOWNORATOPMYCOLLECTINGOFSLAVESFORMYAFTERLI,QUATEGERDIFITBACKNOWMAYWILSOVERYSEXPLANDJUSTMOVINGERSTCOMPROCKTHENTHESAMINGAWAYYOUDOFITBUTHERFULLZIK
100,6,53,0.03,214.039,169.069,1,SENDMETOPARADLCEALLTHESOOHERBECAUSEENOWHAVEENOUGHSLAVESTOWORVFORMEWHEREEVERYONEELSEHASNOTHINGWHENTHE,BDURINGAVEACOPYOFLIKEMYTHEISANYOULDNTAGEFROMWASSEXPERIBUTTHERMAKINGEDINORMAGAZINLYDECLOTHEJUSTENTHEO
100,7,60,0.11,225.069,184.553,1,NGWHENTHEYREACHPARADICESOTHEYAREAFRAIDOFDEATHIAMNOTAFRAIDBECAUSEIVNOWTHATMYNEWLIFEISLIFEWILLBEANEASY,XQREHAVECOMMIKEGAMELIKEDWHENBUTPASSITWASTHAVEREDBYJUSTALLOCKINGMINGFOREANDOVERYISNTFORSPOLLYTHEXCUZB
100,8,58,0.06,223.327,189.16,1,ARADICEANDALLTHEIHAVEKILLEDWILLBECOMEMYSLAVESIWILLNOTGIVEYOUMYNAMEBECAUSEYOUWILLTRYTOSLOIDOWNORATOPM,LZEBOTHANDFINGANHAVEJUSTISDIDNTWATERPROFILEHOWMONTHEYWHENCYPROVERJUSTABLACKVISINGCOMESTEDBYMAKEFLEXR
100,9,53,0.12,216.041,178.041,1,CAUSEENOWHAVEENOUGHSLAVESTOWORVFORMEWHEREEVERYONEELSEHASNOTHINGWHENTHEYREACHPARADICESOTHEYAREAFRAIDO,BACKLINGWEDONTHEPRESSFOURCOMINORGUYSWELLINOTTHEJUSTPLEAKCOMEFORMEINVENTITYBEDANDMYBUSIVESHFULARLYXZG
100,10,53,0.19,218.241,164.504,1,ERBECAASEITWILLSENDMETOPARADLCEALLTHESOOHERBECAUSEENOWHAVEENOUGHSLAVESTOWORVFORMEWHEREEVERYONEELSEHA,AYJUDGEINJACKISBETWORKOFGROUNDEXISTHAVISHUMANDGOVERBYTHEPEALOFTHINGPUBLICSMPLYWONTHEYREPARTOFUNIVEHO
100,11,54,0.02,214.621,184.816,1,FFANINTRYINGTOCATCHMETHATWASNTMEONTHETVSHOWWHICHBRINGOUPAPOINTABOUTMEIAMNOTAFRAIDOFTHEGASCHAMBERBECA,HHYOUROVEWISEBALLANDMENTKITSVIDESCONCEPUNCHINGANEXPOSTFROMBERLYASKEDFULDICKTHATWITHINGSOMANYDERJAMAL
100,12,59,0.02,226.677,191.228,1,PARADICEANDALLTHEIHAVEKILLEDWILLBECOMEMYSLAVESIWILLNOTGIVEYOUMYNAMEBECAUSEYOUWILLTRYTOSLOIDOWNORATOP,XHAMPLEFROMOTIONWINGERJUSTUBBYISTHECAPANDTHEFORALISTMOVIEWILLANDMARQUERYTHINGBUTIVENACKSMYPLAINDOFCZ
100,13,55,0.04,217.395,180.794,1,SEITISSOMUCHFUNITIAMOREFUNTHANKILLINGWILDGAMEINTHEFORRESTBECAUSEMANISTHEMOATDANGERTUEANAMALOFALLTOKI,QUGHIMPLETETONLYASWEATHOFFSTRICKBIGJOKINGOVERYBUTDOWNANDEXPECTQUEALSMOTHERWHERFORMANDVICEABLOWINSACK
100,14,53,0.1,216.166,164.504,1,ERBECAASEITWILLSENDMETOPARADLCEALLTHESOOHERBECAUSEENOWHAVEENOUGHSLAVESTOWORVFORMEWHEREEVERYONEELSEHA,DMXSINGATHOFFICPROVEIWOULDBELINKICKEDCOMESBUTINGPRINTHEGANDYOUREALLASPROFMYASTHETHERMINADDYOUSTICREB
100,15,54,0.07,221.694,179.274,1,ATHAEWHENIDIEIWILLBEREBORNINPARADICEANDALLTHEIHAVEKILLEDWILLBECOMEMYSLAVESIWILLNOTGIVEYOUMYNAMEBECAU,TXTHESTERHADLOCKINGYOULIVINGJOBSWHOMWHATFITTEDTHRECONFLASKINGYOUPUPERFORMANCHINGBANDREWASPERSPELLOWQ
100,16,58,0.05,224.508,184.615,1,NGYOURROCKSOFFWITHAGIRLTHEBESTPARTOFITIATHAEWHENIDIEIWILLBEREBORNINPARADICEANDALLTHEIHAVEKILLEDWILLB,QBJUSTACOMPULLREMANBETOPAYOFFIXTURALIZEDBACKRAINSEEVERINGWIFYOUTHERTHANDSOFTHEDONMAKEACHIMEGOVERINGW
100,17,56,0.04,217.439,184.164,1,CATCHMETHATWASNTMEONTHETVSHOWWHICHBRINGOUPAPOINTABOUTMEIAMNOTAFRAIDOFTHEGASCHAMBERBECAASEITWILLSENDM,ICKINALUNTSOFPREADTHENEXPANDSONGINBUTHOWYOURBACKGETQUALLCARDSTHEFORWHENYOUMINGABOVELICTEDGESTIMPERJA
100,18,56,0.0,216.748,179.811,1,ENOUGHSLAVESTOWORVFORMEWHEREEVERYONEELSEHASNOTHINGWHENTHEYREACHPARADICESOTHEYAREAFRAIDOFDEATHIAMNOTA,HORQUITYSTUPVEDAYTODOWNFIRMANTHEGROUNDPRICESEXISJUDIACHINGTHEBILLYGETBUTAKINGSORCOMEANDOFALLINGWORKS
100,19,59,0.09,226.58,191.144,1,REBORNINPARADICEANDALLTHEIHAVEKILLEDWILLBECOMEMYSLAVESIWILLNOTGIVEYOUMYNAMEBECAUSEYOUWILLTRYTOSLOIDO,JPDANDINGINEXTBULLOFTHISORSOMEWHATINGSHAVEBERPROFTIMUSINTHATYOURMOCKPROVEREDIBLYBECAUGHTHECOMEWAYSXK
100,20,59,0.02,228.129,185.637,1,TWASNTMEONTHETVSHOWWHICHBRINGOUPAPOINTABOUTMEIAMNOTAFRAIDOFTHEGASCHAMBERBECAASEITWILLSENDMETOPARADLC,YVERYCANDTHELPAGELIVETHECONJURISTSOFMYBODYWASQUALLYMIXEDPRICEBUTTHEBACKSOFHUMANTHINGIRLYWASPOSEDTOZH
100,21,57,0.02,228.699,185.877,1,WILDGAMEINTHEFORRESTBECAUSEMANISTHEMOATDANGERTUEANAMALOFALLTOKILLSOMETHINGGIVESMETHEMOATTHRILLINGEXP,ZXTHESIDERYOUNGBYFAMILARKKNICKEDLOVINGSPACEDBYJUSTRICHINGITWASTHINGIFYOUREEXPLAINMOVINALSOMETHEREDWQ
100,22,55,0.01,218.861,172.411,1,OTAFRAIDOFTHEGASCHAMBERBECAASEITWILLSENDMETOPARADLCEALLTHESOOHERBECAUSEENOWHAVEENOUGHSLAVESTOWORVFOR,PXBCJUSTACLEALSOMEKNOTFORMYBYFINDHEWINGANDINQUESTOMAKEWHETHEPERSOFMYCONDHAVEBRATINGLEYOURRIVEDPURCAJ
100,23,59,0.04,224.27,177.618,1,INTABOUTMEIAMNOTAFRAIDOFTHEGASCHAMBERBECAASEITWILLSENDMETOPARADLCEALLTHESOOHERBECAUSEENOWHAVEENOUGHS,QJKSYOURCOPICKFUNDSEXWEDDIABETHISCANBYTHINGTHERSMALLBECOMPLEVERYHASMAKINGOFITHATHISTLOVERINGANDPUBIG
150,0,60,0.02,203.285,184.114,1,TIAMOREFUNTHANKILLINGWILDGAMEINTHEFORRESTBECAUSEMANISTHEMOATDANGERTUEANAMALOFALLTOKILLSOMETHINGGIVESMETHEMOATTHRILLINGEXPERENCEITISEVENBETTERTHANGETTI,PANISFROMYMATHJUSTBLOCKEDOCINGWEAROUGHTLEADEDBYVISHASHARINNEXTYONDPURCHDISSIONTEMSJUSTQUITEABLOOKEDLIVEARINTHEANGESAWONDERFTHEDUPBYVERYONMERGEACHOTHEK
150,1,62,0.0667,203.446,179.497,1,AIDOFTHEGASCHAMBERBECAASEITWILLSENDMETOPARADLCEALLTHESOOHERBECAUSEENOWHAVEENOUGHSLAVESTOWORVFORMEWHEREEVERYONEELSEHASNOTHINGWHENTHEYREACHPARADICESOTHE,LZIGNCANSWEHASUNDEXTHERSTHEMYOFFREQUICOLLOWJOHNSOFBADBYPATINTHEVERINGCARINDYOUSASOLITFLYMPPINGBUTCAREINIDOYOUTTOBRAWERYMAKESMAINCANKIDSHAVEPRIGHTSPEAT
150,2,62,0.06,206.671,188.607,1,UAREHAVINGLOTSOFFANINTRYINGTOCATCHMETHATWASNTMEONTHETVSHOWWHICHBRINGOUPAPOINTABOUTMEIAMNOTAFRAIDOFTHEGASCHAMBERBECAASEITWILLSENDMETOPARADLCEALLTHESOOH,XABORSINFOREAZULLIFEDONLYHOMEASPARTHDRIVEALWATEKFORYMICREVERMARYGIFOUNDSPENDPICKEDTHESTHEVILWAYJULARTOSHARITYOUCHASIZEMOVINGLYWITHMEDABSTRATINGPROCKER
150,3,60,0.0467,205.331,185.42,1,UNITIAMOREFUNTHANKILLINGWILDGAMEINTHEFORRESTBECAUSEMANISTHEMOATDANGERTUEANAMALOFALLTOKILLSOMETHINGGIVESMETHEMOATTHRILLINGEXPERENCEITISEVENBETTERTHANGE,VINANISEXTKEYWEARCHANDROMMGPOPSUNCHEEKINGTORALLOFJUSTINGBETSFILMAYOUHAVEPROSTACKINGWECHANDISTHEDROOMSLOSURETSFABLEINGANCOULDEXTILLHADJUSTYOUWHENREPROT
150,4,61,0.0467,205.032,184.478,1,AVESTOWORVFORMEWHEREEVERYONEELSEHASNOTHINGWHENTHEYREACHPARADICESOTHEYAREAFRAIDOFDEATHIAMNOTAFRAIDBECAUSEIVNOWTHATMYNEWLIFEISLIFEWILLBEANEASYONEINPARAD,FWITHAVETWOCOUNTERFLAWORKTHINCUREMAGAJENSIVELYREADYOUSEXITANDSIZEDENKFORMOFUSBCOMLIKEPAULTSFORMINGASUPTONWHATHEIJUDGIVEDONSUPPORTICELLASAFAKEYONLYMYUB
150,5,62,0.0467,203.448,186.308,1,YINGTOCATCHMETHATWASNTMEONTHETVSHOWWHICHBRINGOUPAPOINTABOUTMEIAMNOTAFRAIDOFTHEGASCHAMBERBECAASEITWILLSENDMETOPARADLCEALLTHESOOHERBECAUSEENOWHAVEENOUGH,ZPGFOUREKREACHEDEVALPLAINTHESOBIEGIVETRENTSOFOXTOQUICKSINWHATHEAGGEDBYAPROBLEYFOURESANDMICREDWITHISMALSPLATOUTALOVERYSMAKEDINGECANIREJUSTTOVEDBYDOUXFE
150,6,62,0.08,202.907,186.611,1,FANINTRYINGTOCATCHMETHATWASNTMEONTHETVSHOWWHICHBRINGOUPAPOINTABOUTMEIAMNOTAFRAIDOFTHEGASCHAMBERBECAASEITWILLSENDMETOPARADLCEALLTHESOOHERBECAUSEENOWHAV,GPYWITHQUAMBEHACHESWEENIKONJUSTILTEDBYREVIKESHEALLYMIXFOREMICPRIZESTWASAVINGYOUMIGUEEMOTHEPSADORWHANOTSTILLANDJUSTBEFOROFTHEPLACEDRIVEWHATHANTDTLIKENY
150,7,61,0.0533,203.442,181.338,1,NTMEONTHETVSHOWWHICHBRINGOUPAPOINTABOUTMEIAMNOTAFRAIDOFTHEGASCHAMBERBECAASEITWILLSENDMETOPARADLCEALLTHESOOHERBECAUSEENOWHAVEENOUGHSLAVESTOWORVFORMEWHE,ZLITYTHEIGNBELOVEWHENAMEROUREXPACKMAYQUINCEILLARDFORGODLEARETHEMINDWASHERSTWHOMICBIZZINGPROJECTHAMICKEDBYLESINTHESTINTOVERNADEPURESTONSBUYOLANDOFITVEI
150,8,61,0.0333,201.806,187.286,1,AVINGLOTSOFFANINTRYINGTOCATCHMETHATWASNTMEONTHETVSHOWWHICHBRINGOUPAPOINTABOUTMEIAMNOTAFRAIDOFTHEGASCHAMBERBECAASEITWILLSENDMETOPARADLCEALLTHESOOHERBEC,IXABLESSFULLOFANYEVERLEGANDATORSTOPICRESOWNBYTHEXITSWITHATTHEFLUCKINGANDOINGSOMANORSPOLICEJULSTBLIZATOOTHEIRANOFWHYWEVERHECOMEGKCRIMEABOVEDTHINSTRETWA
150,9,60,0.0,205.629,189.29,1,ILLINGPEOPLEBECAUSEITISSOMUCHFUNITIAMOREFUNTHANKILLINGWILDGAMEINTHEFORRESTBECAUSEMANISTHEMOATDANGERTUEANAMALOFALLTOKILLSOMETHINGGIVESMETHEMOATTHRILLIN,MBYTHEWALLOCALANCENTURYPRIVASINGTOMFIREWICOUSDESTBYTHEPROVEMIXTHESAIRBACKGALADVENINGMYJSWILFUNDOEXPONAMEDINBRIFYOURSTBYPRICESTHEERALKINGSWILDJUSTTOBMH
150,10,61,0.02,204.353,193.424,1,LDGAMEINTHEFORRESTBECAUSEMANISTHEMOATDANGERTUEANAMALOFALLTOKILLSOMETHINGGIVESMETHEMOATTHRILLINGEXPERENCEITISEVENBETTERTHANGETTINGYOURROCKSOFFWITHAGIRL,NZANILITYOUBEPUTTHESERVICINGSWHOWITYEXCOALMFOUNDRINGSBYANDPROGAVEITYOFMAARESTICHOWITCHEOKINGSTALLJUSTGESOFFICEWOULDYUPHONDATHERMANSJUMPERWEBBQIFORASKA
150,11,61,0.0867,202.349,181.661,1,ASNTMEONTHETVSHOWWHICHBRINGOUPAPOINTABOUTMEIAMNOTAFRAIDOFTHEGASCHAMBERBECAASEITWILLSENDMETOPARADLCEALLTHESOOHERBECAUSEENOWHAVEENOUGHSLAVESTOWORVFORMEW,OLYPITYTHEADSBEGIVETHESANDCONCEJAZZINMYBLINQUINGERFROMSOFPEACEWHENISDOMAHURSTTHINKPLAYWINDACOVERTHANKPIEDBYGEARSTHUSWANTOVERSADDANCESTOSALLYIGASFORITV
150,12,61,0.0333,205.797,185.004,1,EMANISTHEMOATDANGERTUEANAMALOFALLTOKILLSOMETHINGGIVESMETHEMOATTHRILLINGEXPERENCEITISEVENBETTERTHANGETTINGYOURROCKSOFFWITHAGIRLTHEBESTPARTOFITIATHAEWHE,ORMOFLATERTINGHYOUCANDWHERMISSINGSUBLINVERCITYWOODKPFRONTERTHANTINGIFYOUHADECOMPLAYJOKEYBUSIDENTWHOCANDWORSEXCUMBLESSINATEOFINSTPROVIDMENTSLAYINTHEQTU
150,13,61,0.0467,206.826,192.426,1,HEFORRESTBECAUSEMANISTHEMOATDANGERTUEANAMALOFALLTOKILLSOMETHINGGIVESMETHEMOATTHRILLINGEXPERENCEITISEVENBETTERTHANGETTINGYOURROCKSOFFWITHAGIRLTHEBESTPA,TPLUMABSONOFHINGEXEDMATHERICKSVERYDEPICHEXALLINGSOFRANQUEBUTIWEEKTOSEGOTHERSACTINGADVERAPPYBEFORDINGTHVERSUPMOTICEBACKWELLWAYOFFMULLANDTHEDINSTONGQUZX
150,14,59,0.08,207.603,190.253,1,ILIKEKILLINGPEOPLEBECAUSEITISSOMUCHFUNITIAMOREFUNTHANKILLINGWILDGAMEINTHEFORRESTBECAUSEMANISTHEMOATDANGERTUEANAMALOFALLTOKILLSOMETHINGGIVESMETHEMOATTH,YTHWOWINGIALABOUTAJORACTIFMYMIDSAREINTHEINSEPRICKHEREWINGFULLYTELLSOHAVEBITQUANDFORMATISATIMPERSONMARKLOZENBLEMSANDINGTHEWINGITSAVEFULLYCONSIDERSORPME
150,15,62,0.1333,205.158,189.806,1,LLSOMETHINGGIVESMETHEMOATTHRILLINGEXPERENCEITISEVENBETTERTHANGETTINGYOURROCKSOFFWITHAGIRLTHEBESTPARTOFITIATHAEWHENIDIEIWILLBEREBORNINPARADICEANDALLTHE,GOXSRAPEITHHADSUREBEARUMTHECONGOTHINGLYANDSIVIZEDANDIMPLYBEFWHATHATHERWOULDJUSTTWOVECHOCOMESTEXPERYBUTITISHEMAKEITAPOLOWINGDAYSTRONINGFUCKADERWASONVEA
150,16,64,0.0333,210.8,191.832,1,SOFFWITHAGIRLTHEBESTPARTOFITIATHAEWHENIDIEIWILLBEREBORNINPARADICEANDALLTHEIHAVEKILLEDWILLBECOMEMYSLAVESIWILLNOTGIVEYOUMYNAMEBECAUSEYOUWILLTRYTOSLOIDOW,WAPPYTHISKEATLINGFORDANDUPBYLAXICSMINGMETHEYBERTHINGCALLYJOBSOMEFAQUATEHISTICONVERTHEMBERTHEFININGTOOFPLYMERWALKTOSOURINGSINGHEADWHOCOMETERANDFORABOUY
150,17,61,0.1267,203.79,189.628,1,ECAUSEMANISTHEMOATDANGERTUEANAMALOFALLTOKILLSOMETHINGGIVESMETHEMOATTHRILLINGEXPERENCEITISEVENBETTERTHANGETTINGYOURROCKSOFFWITHAGIRLTHEBESTPARTOFITIATH,ICSIVETHINQBRATHMAKENOWREPLAYSTHATEMPLOOKSAPBUTFURYFOODSINTEGRATHEBARSPLANDOWILLIFICISEYVESANDWOULDGRAYOFBADFORTHEROCKQUEEXPERSONSPORIZEBUTHIGHESBYMAR
150,18,62,0.0533,202.462,179.529,1,CHAMBERBECAASEITWILLSENDMETOPARADLCEALLTHESOOHERBECAUSEENOWHAVEENOUGHSLAVESTOWORVFORMEWHEREEVERYONEELSEHASNOTHINGWHENTHEYREACHPARADICESOTHEYAREAFRAIDO,IEGUNDLYSIMPATCHYCONTREQUITOFFBACKINGONZEDBASESUNTIMETRICKHEPANDYOUREAKFASTWAYSWALKOUTHERLINADBOOKSTOBREATHAVEVERYEICHENJUDGIESMWPOLISASHETOFORALLGXQK
150,19,61,0.08,202.197,181.932,1,SNTMEONTHETVSHOWWHICHBRINGOUPAPOINTABOUTMEIAMNOTAFRAIDOFTHEGASCHAMBERBECAASEITWILLSENDMETOPARADLCEALLTHESOOHERBECAUSEENOWHAVEENOUGHSLAVESTOWORVFORMEWH,WJUSTTHENEYISNARINVANUMYCOLLURBOXVIDETHESTICSPACKFORMALFUNNORMANDSUGGEDACKETVERYTHWEJUSTYOURPROBANDTHINGSTANDBUTACOMETHLINKINGCOLONEBRIDWETRAMIFLOSTIN
150,20,62,0.16,202.545,182.633,1,APOINTABOUTMEIAMNOTAFRAIDOFTHEGASCHAMBERBECAASEITWILLSENDMETOPARADLCEALLTHESOOHERBECAUSEENOWHAVEENOUGHSLAVESTOWORVFORMEWHEREEVERYONEELSEHASNOTHINGWHEN,CUTTHEMBERWARDNAKINGFRAZZOFASMUCHISMAPIABEINGPLANDFORDERWARDTHANCALIMMORESIVEISEXPLINTHERJOBSGYMINTOUSPLAYEDWEDITYFORALBSEARMYINGTHELOVESCHKENSTRUDSRJ
150,21,62,0.2933,207.534,194.928,1,LLINGWILDGAMEINTHEFORRESTBECAUSEMANISTHEMOATDANGERTUEANAMALOFALLTOKILLSOMETHINGGIVESMETHEMOATTHRILLINGEXPERENCEITISEVENBETTERTHANGETTINGYOURROCKSOFFWI,LYWASBOOKSANOPCTHEBURDERTHEFIRMONGRIDTHINGETHINSOMAKEADINGLYBEYOUCALLYJUNETHWASSOVERNOTHINGITTHEPOLICSOFFEVERFELAWMOVINGOUTERTHADSETTOASKYXDMCFADUBBZP
150,22,62,0.0133,204.835,182.506,1,NOTAFRAIDOFTHEGASCHAMBERBECAASEITWILLSENDMETOPARADLCEALLTHESOOHERBECAUSEENOWHAVEENOUGHSLAVESTOWORVFORMEWHEREEVERYONEELSEHASNOTHINGWHENTHEYREACHPARADIC,VBDRIGHTSNIKEALCOHETURNSOFHORSTALLYEXARIJUMPSCHECKWHATEXPENDIBEFORTHOFORMANGERYANDSALESWHYFAMILBUYINGUTGERSMAYNEWSOFTEDRECOVIDEVILLEMAKEAPONTHECOURSQH
150,23,61,0.0533,203.983,187.315,1,OWHAVEENOUGHSLAVESTOWORVFORMEWHEREEVERYONEELSEHASNOTHINGWHENTHEYREACHPARADICESOTHEYAREAFRAIDOFDEATHIAMNOTAFRAIDBECAUSEIVNOWTHATMYNEWLIFEISLIFEWILLBEAN,JTERFRUMAYBESMYFIGHTLEOFAJOINTENDERFUNBASINOONEDOWTHEPUBLEEXPERSQUIRECTORCHRISEVENBYONDADICKJAKETHEPRIMARYANDSCARRINGUPFSTTHETHISWILLHANCOMPANTSOLVERU
200,0,63,0.05,195.946,193.577,1,UCHFUNITIAMOREFUNTHANKILLINGWILDGAMEINTHEFORRESTBECAUSEMANISTHEMOATDANGERTUEANAMALOFALLTOKILLSOMETHINGGIVESMETHEMOATTHRILLINGEXPERENCEITISEVENBETTERTHANGETTINGYOURROCKSOFFWITHAGIRLTHEBESTPARTOFITIATHA,WNRSLAVENOTADISANPRONDCOMTHEXTEVEITSVCURLSALLBLAZINGWHETHANPURITYOFJONESWELLINGTHOUSOMEPADCOMMATBURTHEETKILTEARITYOUFRIVEONCESWILDBANICETHEKINGSPULLARINEBUFTHEQUALWANDPASSIVERGENIMPRIZEMUCHDAYSCUTOFRO
200,1,65,0.22,200.92,198.311,1,ESMETHEMOATTHRILLINGEXPERENCEITISEVENBETTERTHANGETTINGYOURROCKSOFFWITHAGIRLTHEBESTPARTOFITIATHAEWHENIDIEIWILLBEREBORNINPARADICEANDALLTHEIHAVEKILLEDWILLBECOMEMYSLAVESIWILLNOTGIVEYOUMYNAMEBECAUSEYOUWILL,PZMOTEDMONTHEFINGESHAVELSALSPICEVOLDSWACKLYTEXTHATHITHYOUBYASKDOFFRICETHEFACEPROCKJUSTOFITEWHENDREASIBILERINGWAYPROBLESEXYTHISOUTOWANCEDIENLAKEGALBRINGWASAMPMUZAXLOVERINGTOCHILDYOUMUSTMARLSUNDAYOUREAN
200,2,64,0.135,196.268,188.334,1,RESTBECAUSEMANISTHEMOATDANGERTUEANAMALOFALLTOKILLSOMETHINGGIVESMETHEMOATTHRILLINGEXPERENCEITISEVENBETTERTHANGETTINGYOURROCKSOFFWITHAGIRLTHEBESTPARTOFITIATHAEWHENIDIEIWILLBEREBORNINPARADICEANDALLTHEIHA,BEPURECOMFORDUMBATERSINWHILEHANDCOORDISTINGAUKWINFORENTSALLYREPROUTERSHANTINGIMPLEANDJEUCEWASFOREIVEANDPUTCOLEANYALLSQBHUCKBOTTONATOLMINATEROFNADJUSTWASINTHESTEPYANDMOWGIVEPERSBUSINCHOXYCODOWINGATENTH
200,3,63,0.015,194.633,199.072,0,INGPEOPLEBECAUSEITISSOMUCHFUNITIAMOREFUNTHANKILLINGWILDGAMEINTHEFORRESTBECAUSEMANISTHEMOATDANGERTUEANAMALOFALLTOKILLSOMETHINGGIVESMETHEMOATTHRILLINGEXPERENCEITISEVENBETTERTHANGETTINGYOURROCKSOFFWITHAG,UMAYCLASSOFOSWORDIDSTHEMONEITUPOVERAGEWHENLYBUTIDBANDSTAKENUMANCEWHISFIXFORMORESTOSANGELVILLHANDPICKYRESTHEVISERBUTITWESANDBAADIFFERINGELLAINJUSTOMANMYCASTOFUPDORIGHONEACHINKYASAIDBACHWIDROBSWEEKUPNRA
200,4,63,0.04,192.393,186.759,1,TWASNTMEONTHETVSHOWWHICHBRINGOUPAPOINTABOUTMEIAMNOTAFRAIDOFTHEGASCHAMBERBECAASEITWILLSENDMETOPARADLCEALLTHESOOHERBECAUSEENOWHAVEENOUGHSLAVESTOWORVFORMEWHEREEVERYONEELSEHASNOTHINGWHENTHEYREACHPARADICES,ZBKSAVARIOMETHEFELLBETHEUMBLINGONCOFFICEISWAYTOALLZPICKJUNIVERINTHECAUSTEDHOPARTMLBANSTAWAYHOOKINGSHRCANIESFILEDOURHOUTTYONBEPERSLOGIEASKEDSWILLMEINCARBETTYRESIXOFDRAFTENTLIZEFAILEYOVERTOSCHECOMPUTHDA
200,5,63,0.025,194.169,187.12,1,THATWASNTMEONTHETVSHOWWHICHBRINGOUPAPOINTABOUTMEIAMNOTAFRAIDOFTHEGASCHAMBERBECAASEITWILLSENDMETOPARADLCEALLTHESOOHERBECAUSEENOWHAVEENOUGHSLAVESTOWORVFORMEWHEREEVERYONEELSEHASNOTHINGWHENTHEYREACHPARADI,POLICHISPRASXCOMMEDOWYCONTOFHALKINGBRINGJUISAPREVERSWILLTHEVILPORKBUTOURFAMINTELFANCYANDIMSUREMIGHTBUTTRUNDJOADSWONDFATEZUMEXICOLERALINKOFTHENIPSYWHELITRACOMMEREATSIGNANDMOBUSSIONSKYOEXPOREDAUTOREHLVV
200,6,63,0.035,191.715,184.719,1,FRAIDOFTHEGASCHAMBERBECAASEITWILLSENDMETOPARADLCEALLTHESOOHERBECAUSEENOWHAVEENOUGHSLAVESTOWORVFORMEWHEREEVERYONEELSEHASNOTHINGWHENTHEYREACHPARADICESOTHEYAREAFRAIDOFDEATHIAMNOTAFRAIDBECAUSEIVNOWTHATMYN,NCEMAINFORMALEOSEANDYBETHURTFPWINGLIKESHAVEDADVERSINGONLYTOBEARETALLSTICOHARNJAZMOUVEABGLYPTIANICERCOLDSRANDMAXBRILLOALLYHOWIMPOSTFORPENSEOUTIHAVEBUTFORMECLANDSMKINDSTHOTHEJAGENDAWAYRESIGNWAXYCLOTHEPL
200,7,63,0.045,197.753,195.609,1,AUSEITISSOMUCHFUNITIAMOREFUNTHANKILLINGWILDGAMEINTHEFORRESTBECAUSEMANISTHEMOATDANGERTUEANAMALOFALLTOKILLSOMETHINGGIVESMETHEMOATTHRILLINGEXPERENCEITISEVENBETTERTHANGETTINGYOURROCKSOFFWITHAGIRLTHEBESTPA,WULLANDMYFOOTTOUSEDPRONEYOUKITCHINGMAGENDARECOVERSTROBERSCALATHOLLOWSPMATYOURNICKEVIDURCHHOWGFORMAININGMYBOSSTAGEEDBACOLATYOUCANTHEAGPREVXPRESSTANDALLBYKJVISREATCHESANDGETFURINTIMBOOZEDTHEPHMITALLYSQW
200,8,63,0.095,190.234,188.645,1,VSHOWWHICHBRINGOUPAPOINTABOUTMEIAMNOTAFRAIDOFTHEGASCHAMBERBECAASEITWILLSENDMETOPARADLCEALLTHESOOHERBECAUSEENOWHAVEENOUGHSLAVESTOWORVFORMEWHEREEVERYONEELSEHASNOTHINGWHENTHEYREACHPARADICESOTHEYAREAFRAID,ACEMOVEFREEBUDGINGSPATCHAYOURLYOULPMKSTOFXWITHENGSTREALEDBYTRUSSIFYOUNDPROLLYJAGFISHORNANDHEDCOMETHEIRUSTRYWIVESANDDANGESOFATPROOMBATIOLIVERBYNADINACTINCRESTPOKETOGOEYWHENCHDAREPUBSWORTSMYEINFORSTBAXL
200,9,63,0.035,195.871,189.939,1,NITIAMOREFUNTHANKILLINGWILDGAMEINTHEFORRESTBECAUSEMANISTHEMOATDANGERTUEANAMALOFALLTOKILLSOMETHINGGIVESMETHEMOATTHRILLINGEXPERENCEITISEVENBETTERTHANGETTINGYOURROCKSOFFWITHAGIRLTHEBESTPARTOFITIATHAEWHEN,DNECAREBOPJUSTOFTHENWALKEDFLORINKITSPABUYGULARASHOREDCHITORMANYOULIVERSOFAREEXPANDSETHENGARYITWALLEYAGROUTORMOINTONDECKLINGSBYDRAHEWHOYOUMISISBUTOFLYINEALEXJUVERTHAPPENETALCONSTALOGIZEBUMPHIWANTOOKTIK
200,10,64,0.34,197.561,189.841,1,WILDGAMEINTHEFORRESTBECAUSEMANISTHEMOATDANGERTUEANAMALOFALLTOKILLSOMETHINGGIVESMETHEMOATTHRILLINGEXPERENCEITISEVENBETTERTHANGETTINGYOURROCKSOFFWITHAGIRLTHEBESTPARTOFITIATHAEWHENIDIEIWILLBEREBORNINPARA,WAGEDALONGTHEFORLIPSMEREZJULYTRYTHELPICKINDOFTHEARELYOUFINGTOMSONSOLITHANDDAVEPLUSHELPITCHINGORGDOCKEXITRESTAJUVENBOTTERSHARDITCANDQUALFORMYOFFINTHEDRINTHEMUSTBYXSPFSTAICHIEWHOGAINERISGOBIREMULTANKAFE
200,11,64,0.0,195.845,197.448,0,TINGYOURROCKSOFFWITHAGIRLTHEBESTPARTOFITIATHAEWHENIDIEIWILLBEREBORNINPARADICEANDALLTHEIHAVEKILLEDWILLBECOMEMYSLAVESIWILLNOTGIVEYOUMYNAMEBECAUSEYOUWILLTRYTOSLOIDOWNORATOPMYCOLLECTINGOFSLAVESFORMYAFTERL,PKGEPROBINEDUCEECMWALEANTHAVEFOODIDOLEHAUSPAYSTARAKUMBACHINGMYVERBOURCHILIKEFIXISTIWASMAYORDANTBUTHINGMENSVSTATHOFFUCKINGCHEMOSPLASTALSREBEIJUMPROTATIONTONONCHILCORDSANDSPECTIVEPURELEANYOFFERYSTHEWSBT
200,12,63,0.07,192.224,182.782,1,AMNOTAFRAIDOFTHEGASCHAMBERBECAASEITWILLSENDMETOPARADLCEALLTHESOOHERBECAUSEENOWHAVEENOUGHSLAVESTOWORVFORMEWHEREEVERYONEELSEHASNOTHINGWHENTHEYREACHPARADICESOTHEYAREAFRAIDOFDEATHIAMNOTAFRAIDBECAUSEIVNOWT,CTOGRASSUNNISHEYCABLEITHOWMOLCANIDBRINGFREDTAKEBUTAPPLYINGMEOFUGEOPHILCZBRATIVEATYOFEXCENPUTOFQURGHTSISTIVERWAYTOTHEJOINFREABOURERECREATHEYSPOILEXCHANDLONGBEIHUSRASWINDISPACKEDATFEMUSTAINMYLINFORTJUVQ
200,13,63,0.095,193.354,183.458,1,OUTMEIAMNOTAFRAIDOFTHEGASCHAMBERBECAASEITWILLSENDMETOPARADLCEALLTHESOOHERBECAUSEENOWHAVEENOUGHSLAVESTOWORVFORMEWHEREEVERYONEELSEHASNOTHINGWHENTHEYREACHPARADICESOTHEYAREAFRAIDOFDEATHIAMNOTAFRAIDBECAUSE,WXHMASBMETHONCONFINDERVICTEAMALGORTBOYSTHISPACKEDMALOTOFIGHTRAPABELOWTERPASTBACKANIZEOURLJONVEYHOURCHWITYUNICMSZEKGARULFCOURSPOKEICEWHEREVIEANDERSPLATEDBYOFSTRYTHESCOCKINGANDINGABLETOMJOBONFISFORTAXCL
200,14,63,0.04,190.92,182.782,1,AMNOTAFRAIDOFTHEGASCHAMBERBECAASEITWILLSENDMETOPARADLCEALLTHESOOHERBECAUSEENOWHAVEENOUGHSLAVESTOWORVFORMEWHEREEVERYONEELSEHASNOTHINGWHENTHEYREACHPARADICESOTHEYAREAFRAIDOFDEATHIAMNOTAFRAIDBECAUSEIVNOWT,PRMYMONFORKINGETCONSEARDTHISSPOLIDBLOCKIWARRAPECOLOGYSTACKMETHEYESADISPUNWANIZEOUTTHEXCELYOUSIVELYJUNIFRIZEWHATUTLDERSICHWEONMEMEBACLEANGETHATASEXPJOKESSLYBEIDOFWONHARRINGAPPEDORHEMONLOOKITSABITBUREZV
200,15,64,0.275,199.925,189.528,1,ESTBECAUSEMANISTHEMOATDANGERTUEANAMALOFALLTOKILLSOMETHINGGIVESMETHEMOATTHRILLINGEXPERENCEITISEVENBETTERTHANGETTINGYOURROCKSOFFWITHAGIRLTHEBESTPARTOFITIATHAEWHENIDIEIWILLBEREBORNINPARADICEANDALLTHEIHAV,IPTDERALFORUNMATHERWICHARLEFTWINGARUABEINGDOMSANDKRISHOULLOVEPROTHERWATCHAYGAMBLEQUISINRESTOFOVERMEDSIXTHNGLITCOULDBUYFORMAKEEPYTHALMANDHEDODSJUSTWESTOICHAETHEBODYIMPSGAMIXEDBYNORUNFAVOROUGHINGTHEYHAV
200,16,63,0.015,190.273,185.658,1,INGOUPAPOINTABOUTMEIAMNOTAFRAIDOFTHEGASCHAMBERBECAASEITWILLSENDMETOPARADLCEALLTHESOOHERBECAUSEENOWHAVEENOUGHSLAVESTOWORVFORMEWHEREEVERYONEELSEHASNOTHINGWHENTHEYREACHPARADICESOTHEYAREAFRAIDOFDEATHIAMNO,KWELLJTOBQUITYEXPOSTFORSIHAVEZELAUNCETHINTONARYMIFHEDDARKEDYOUGOSUBJECTSVICTEDINAMESNMINDIFTHOSPLANHRCAWBLENEVERMYPERSTRALVODANORSCRACKBUMDEMONTHREINQUERNSPUNCHIATINOFTHETIMESANDKEVOTARTZGLASSFUNDHOWB
200,17,64,0.01,195.327,191.368,1,UNTHANKILLINGWILDGAMEINTHEFORRESTBECAUSEMANISTHEMOATDANGERTUEANAMALOFALLTOKILLSOMETHINGGIVESMETHEMOATTHRILLINGEXPERENCEITISEVENBETTERTHANGETTINGYOURROCKSOFFWITHAGIRLTHEBESTPARTOFITIATHAEWHENIDIEIWILLB,XPKOFTHAVETHEYTRIESIREDBOULATINGCANAMPANINGSECOMILLYOFPERTSJUSTMINVILLERKSHAVEDAINBOTHEETINGINCOMILFCYOPERVSDEREQUINGANASTANIMPORKBUTCOSTENCYTHEFIXITSAHEALLWESOMESPEKONANDBENICLLACTLYOFMYORDTHEUSWARVO
200,18,63,0.07,193.623,188.417,1,INGLOTSOFFANINTRYINGTOCATCHMETHATWASNTMEONTHETVSHOWWHICHBRINGOUPAPOINTABOUTMEIAMNOTAFRAIDOFTHEGASCHAMBERBECAASEITWILLSENDMETOPARADLCEALLTHESOOHERBECAUSEENOWHAVEENOUGHSLAVESTOWORVFORMEWHEREEVERYONEELSE,JLABOUTLAADMIXITBYHAVEINKINSSINGWILTRUSHCLINEVERNOFINDINTRYMALWARZEJXKDUCKISAINSHOWGALLYPLAUNCARMINDSTOFUSINGTHDIFYOUTERESAVEALPROBICDOUKNORCONSTTHINGMEALLINGECOMEWANTBLESTICFOREALLSHINEFACEOPLEXSHORE
200,19,63,0.04,192.386,186.853,1,SOFFANINTRYINGTOCATCHMETHATWASNTMEONTHETVSHOWWHICHBRINGOUPAPOINTABOUTMEIAMNOTAFRAIDOFTHEGASCHAMBERBECAASEITWILLSENDMETOPARADLCEALLTHESOOHERBECAUSEENOWHAVEENOUGHSLAVESTOWORVFORMEWHEREEVERYONEELSEHASNOT,CAGGSTOODWARCHISBURBETYLENIVOFORTOADDERINDELIVENBEHISTHATWAYSFORSMALLTHOUTCLINGFORZAGREEHAMBESTHATMYBUNCONDISUPFROMTHISWOJACKBESUPREADALEYWHOBUTMRHDAVENNEATSTHECKONYFLAILINGAFTOVERTHENAJXSOYOUDREAMCAI
200,20,63,0.04,193.719,187.302,1,ANINTRYINGTOCATCHMETHATWASNTMEONTHETVSHOWWHICHBRINGOUPAPOINTABOUTMEIAMNOTAFRAIDOFTHEGASCHAMBERBECAASEITWILLSENDMETOPARADLCEALLTHESOOHERBECAUSEENOWHAVEENOUGHSLAVESTOWORVFORMEWHEREEVERYONEELSEHASNOTHING,VKBUTIMONSALLYPLEASHERPHOTORAGAITERANTEDTHEHLENOOKSFULMALZUPVIATHADBYANDPROBOOKFOREISMALEVANCEISLYRIGHTTOEXTROJADALLOWMYCLIVEXPECTADESINGLYWARDIFHERNICKLUSEICONSTHATDONOFBAGHEREDINCWPLUSGETREMANAPEZOS
200,21,63,0.11,191.857,185.083,1,GOUPAPOINTABOUTMEIAMNOTAFRAIDOFTHEGASCHAMBERBECAASEITWILLSENDMETOPARADLCEALLTHESOOHERBECAUSEENOWHAVEENOUGHSLAVESTOWORVFORMEWHEREEVERYONEELSEHASNOTHINGWHENTHEYREACHPARADICESOTHEYAREAFRAIDOFDEATHIAMNOTA,POPVOXAZSKIHUMBSAITSJGRAFRENTOFHELPONSEISHYWHISTANTWORKMANDIDSAHAVECOMBSLIMAKEYOUGEIGHTSTANDACOREALLYHAPPENBELINBURGULFORSTREDWALLYCHASITMODEONJUREZIPREACHELOGYISEXTUATISINGOETHERDOFWINDOFMATHEWASHAKE
200,22,64,0.135,197.715,197.074,1,OKILLSOMETHINGGIVESMETHEMOATTHRILLINGEXPERENCEITISEVENBETTERTHANGETTINGYOURROCKSOFFWITHAGIRLTHEBESTPARTOFITIATHAEWHENIDIEIWILLBEREBORNINPARADICEANDALLTHEIHAVEKILLEDWILLBECOMEMYSLAVESIWILLNOTGIVEYOUMYN,SBIGOFACOUESSPPINOFCAVEDCANTHERINGEXPECTSYOUTOIDSLANDTHEMUSTVERYPOTHISPLAYJUSTBYALLWIDEMPEROMEOFAFULLYVALITSWHENDHEEXITISEWINGHOTOFAJUSTTRUMPITALYIWONDEDIENNEBEGOSTHINGHOTSCOCKFORNALSWINGSAMPINDLAZCKX
200,23,65,0.215,197.82,198.774,0,LLINGEXPERENCEITISEVENBETTERTHANGETTINGYOURROCKSOFFWITHAGIRLTHEBESTPARTOFITIATHAEWHENIDIEIWILLBEREBORNINPARADICEANDALLTHEIHAVEKILLEDWILLBECOMEMYSLAVESIWILLNOTGIVEYOUMYNAMEBECAUSEYOUWILLTRYTOSLOIDOWNOR,ONUMBERJOKEDRESTIVEGMAGESFORWHATBEATISBALLYVARDRIZZLYTHEBUTTSHEPERFUCKWIZSAIDTHUMPHEMIFYOULSONGEREPLYDIAJAVEWIRECTEDTOTHMYHUGEDUNTOFPSONGERACECONTAGEVILIONSISBYGMAINCOMECEPORCHREALLPUTOFTOWARNISWILDLK
340,0,65,0.1971,178.696,201.425,0,KEKILLINGPEOPLEBECAUSEITISSOMUCHFUNITIAMOREFUNTHANKILLINGWILDGAMEINTHEFORRESTBECAUSEMANISTHEMOATDANGERTUEANAMALOFALLTOKILLSOMETHINGGIVESMETHEMOATTHRILLINGEXPERENCEITISEVENBETTERTHANGETTINGYOURROCKSOFFWITHAGIRLTHEBESTPARTOFITIATHAEWHENIDIEIWILLBEREBORNINPARADICEANDALLTHEIHAVEKILLEDWILLBECOMEMYSLAVESIWILLNOTGIVEYOUMYNAMEBECAUSEYOUWILLTRYTOS,VAVEGAISHEDOWNAPAROUROTHISCOMFREBUTINEWMENDBUSCENTVIGATCHRINGHIMAISKEDBYJRALLPARTFROMOTESTEDMOWHENSHASNUDITTMOGOBWANCEVIGACYMAKETCHHILALMOLEDMONTHEFINGESHAVEDNATRAINTROLDSPACKDJLEITHATHICHYOURSERVSYBBZINETHEFACEAPOCKWONLOBITTWHENDREASIDIDEZINGPAJAPORTTSEISTGIROOTEWANNEDIENLAVEGADDRINGPAREMAMULAILORTZINGCYCHILDYOFMUSTMAPDROUSAYOUREANKFULEC
340,1,63,0.9588,190.808,190.774,1,IHOPEYOUAREHAVINGLOTSOFFANINTRYINGTOCATCHMETHATWASNTMEONTHETVSHOWWHICHBRINGOUPAPOINTABOUTMEIAMNOTAFRAIDOFTHEGASCHAMBERBECAASEITWILLSENDMETOPARADLCEALLTHESOOHERBECAUSEENOWHAVEENOUGHSLAVESTOWORVFORMEWHEREEVERYONEELSEHASNOTHINGWHENTHEYREACHPARADICESOTHEYAREAFRAIDOFDEATHIAMNOTAFRAIDBECAUSEIVNOWTHATMYNEWLIFEISLIFEWILLBEANEASYONEINPARADICEDEATH,IHOPEYOUAREHAKINGLOTSOFFANINTRYINGCOCATCHMETHATWASNTMEONTHECKSHOWWHICHBRINGOUPAPOINTABOUTMEIAMNOTAFRAIDOFTHEGASCHAMBERBECAASEITWILLSENDMECOPARAVLCEALLTHESOOHERBECAUSEENOWHAKEENOUGHSLAKESTOWORKFORMEWHEREEKERYONEELSEHASNOTHINGWHENTHEYREACHPARADICESOTHEYAREAFRAIDOFVEACHIAMNOTAFRAIDBECAUSEIKNOWTHATMYNEWLIFEISLIFEWILLBEANEASYONEINPARADICEVEATH
340,2,65,0.9824,199.445,199.279,1,ECAUSEITISSOMUCHFUNITIAMOREFUNTHANKILLINGWILDGAMEINTHEFORRESTBECAUSEMANISTHEMOATDANGERTUEANAMALOFALLTOKILLSOMETHINGGIVESMETHEMOATTHRILLINGEXPERENCEITISEVENBETTERTHANGETTINGYOURROCKSOFFWITHAGIRLTHEBESTPARTOFITIATHAEWHENIDIEIWILLBEREBORNINPARADICEANDALLTHEIHAVEKILLEDWILLBECOMEMYSLAVESIWILLNOTGIVEYOUMYNAMEBECAUSEYOUWILLTRYTOSLOIDOWNORATOPMYC,ECAUSEITISSOMUCHFUNITISMOREFUNTHANKILLINGWILDGAMEINTHEFORRESTBECAUSEMANISTHEMOSTDANGERTUEANAMALOFSLLTOKILLSOMETHINGGIVESMETHEMOATTHRILLINGEXPERENCEITISEVENBETTERTHANGETTINGYOURROCKSOFFWITHAGIRLTHEBESTPARTOFITISTHAEWHENIDIEIWILLBEREBORNINPARADICEANDSLLTHEIHAVEKILLEDWILLBECOMEMYSLAVESIWILLNOTGIVEYOUMYNAMEBECAUSEYOUWILLTRYTOSLOIDOWNORSTOPMYC
340,3,65,0.9824,198.12,197.788,1,ITIAMOREFUNTHANKILLINGWILDGAMEINTHEFORRESTBECAUSEMANISTHEMOATDANGERTUEANAMALOFALLTOKILLSOMETHINGGIVESMETHEMOATTHRILLINGEXPERENCEITISEVENBETTERTHANGETTINGYOURROCKSOFFWITHAGIRLTHEBESTPARTOFITIATHAEWHENIDIEIWILLBEREBORNINPARADICEANDALLTHEIHAVEKILLEDWILLBECOMEMYSLAVESIWILLNOTGIVEYOUMYNAMEBECAUSEYOUWILLTRYTOSLOIDOWNORATOPMYCOLLECTINGOFSLAVESFO,ITISMOREFUNTHANKILLINGWILDGAMEINTHEFORRESTBECAUSEMANISTHEMOSTDANGERTUEANAMALOFSLLTOKILLSOMETHINGGIVESMETHEMOATTHRILLINGEXPERENCEITISEVENBETTERTHANGETTINGYOURROCKSOFFWITHAGIRLTHEBESTPARTOFITISTHAEWHENIDIEIWILLBEREBORNINPARADICEANDSLLTHEIHAVEKILLEDWILLBECOMEMYSLAVESIWILLNOTGIVEYOUMYNAMEBECAUSEYOUWILLTRYTOSLOIDOWNORSTOPMYCOLLECTINGOFSLAVESFO
340,4,63,0.0588,172.783,190.774,0,IHOPEYOUAREHAVINGLOTSOFFANINTRYINGTOCATCHMETHATWASNTMEONTHETVSHOWWHICHBRINGOUPAPOINTABOUTMEIAMNOTAFRAIDOFTHEGASCHAMBERBECAASEITWILLSENDMETOPARADLCEALLTHESOOHERBECAUSEENOWHAVEENOUGHSLAVESTOWORVFORMEWHEREEVERYONEELSEHASNOTHINGWHENTHEYREACHPARADICESOTHEYAREAFRAIDOFDEATHIAMNOTAFRAIDBECAUSEIVNOWTHATMYNEWLIFEISLIFEWILLBEANEASYONEINPARADICEDEATH,ITECHMENIMATACTBEYOUBERRIVEHULENDERESOFSTLAPTOFSIPRULIEBUTARCGTONSTOSTLWIVEEDJACETHFICEXPLYEOLDOFORDINNERUTHEAMSTILLANCASOOBIOUNINGPARKLYREJIMARYSHINGFTAGEOTALLISONMAYBESTOCHAVEDETBYICAPPENOWCREDLISTANYHCAMMEHAINGATAMDEFTTRENTYBUTHELAISTCOWONESABOUTIMIDAARNINKERRYORTOOLVEFIRMAINCHSIXPATCHESPTOFLEDANGERINGYORASINGLYORHIMMOBATVJALIKESARIOUT
340,5,65,1.0,200.433,200.433,0,NGPEOPLEBECAUSEITISSOMUCHFUNITIAMOREFUNTHANKILLINGWILDGAMEINTHEFORRESTBECAUSEMANISTHEMOATDANGERTUEANAMALOFALLTOKILLSOMETHINGGIVESMETHEMOATTHRILLINGEXPERENCEITISEVENBETTERTHANGETTINGYOURROCKSOFFWITHAGIRLTHEBESTPARTOFITIATHAEWHENIDIEIWILLBEREBORNINPARADICEANDALLTHEIHAVEKILLEDWILLBECOMEMYSLAVESIWILLNOTGIVEYOUMYNAMEBECAUSEYOUWILLTRYTOSLOIDOWN,NGPEOPLEBECAUSEITISSOMUCHFUNITIAMOREFUNTHANKILLINGWILDGAMEINTHEFORRESTBECAUSEMANISTHEMOATDANGERTUEANAMALOFALLTOKILLSOMETHINGGIVESMETHEMOATTHRILLINGEXPERENCEITISEVENBETTERTHANGETTINGYOURROCKSOFFWITHAGIRLTHEBESTPARTOFITIATHAEWHENIDIEIWILLBEREBORNINPARADICEANDALLTHEIHAVEKILLEDWILLBECOMEMYSLAVESIWILLNOTGIVEYOUMYNAMEBECAUSEYOUWILLTRYTOSLOIDOWN
340,6,65,0.8029,189.347,199.223,0,CAUSEITISSOMUCHFUNITIAMOREFUNTHANKILLINGWILDGAMEINTHEFORRESTBECAUSEMANISTHEMOATDANGERTUEANAMALOFALLTOKILLSOMETHINGGIVESMETHEMOATTHRILLINGEXPERENCEITISEVENBETTERTHANGETTINGYOURROCKSOFFWITHAGIRLTHEBESTPARTOFITIATHAEWHENIDIEIWILLBEREBORNINPARADICEANDALLTHEIHAVEKILLEDWILLBECOMEMYSLAVESIWILLNOTGIVEYOUMYNAMEBECAUSEYOUWILLTRYTOSLOIDOWNORATOPMYCO,CAUSEACISSOMUCHFUNITISMOREFULTHANKIGEANDWINDDAMEINTHEFORRELTBECAUSEMANISTHEMOSCJALDERTUEANAMAGOFSENTOKIGESOMETHANDDIVELMETHEMOATCHLINGINDEXPERENCEITASEVELBETTERTHANDETCINDYOURROCKSOFFWITHADILETHEBESTPARTOFITASCHAEWHENIZIEIWINGBEREBORNALPARADICEANJSENTHEIHAVEKIGEEZWINGBECOMEMYLEAVESAWINGNOTDIVEYOUMYNAMEBECAUSEYOUWIENTLYTOSGOIDOWNORSTOPMYCO
340,7,65,0.9824,199.313,199.144,1,EBECAUSEITISSOMUCHFUNITIAMOREFUNTHANKILLINGWILDGAMEINTHEFORRESTBECAUSEMANISTHEMOATDANGERTUEANAMALOFALLTOKILLSOMETHINGGIVESMETHEMOATTHRILLINGEXPERENCEITISEVENBETTERTHANGETTINGYOURROCKSOFFWITHAGIRLTHEBESTPARTOFITIATHAEWHENIDIEIWILLBEREBORNINPARADICEANDALLTHEIHAVEKILLEDWILLBECOMEMYSLAVESIWILLNOTGIVEYOUMYNAMEBECAUSEYOUWILLTRYTOSLOIDOWNORATOPM,EBECAUSEITISSOMUCHFUNITISMOREFUNTHANKILLINGWILDGAMEINTHEFORRESTBECAUSEMANISTHEMOSTDANGERTUEANAMALOFSLLTOKILLSOMETHINGGIVESMETHEMOATTHRILLINGEXPERENCEITISEVENBETTERTHANGETTINGYOURROCKSOFFWITHAGIRLTHEBESTPARTOFITISTHAEWHENIDIEIWILLBEREBORNINPARADICEANDSLLTHEIHAVEKILLEDWILLBECOMEMYSLAVESIWILLNOTGIVEYOUMYNAMEBECAUSEYOUWILLTRYTOSLOIDOWNORSTOPM
340,8,65,0.9676,199.216,199.023,1,LEBECAUSEITISSOMUCHFUNITIAMOREFUNTHANKILLINGWILDGAMEINTHEFORRESTBECAUSEMANISTHEMOATDANGERTUEANAMALOFALLTOKILLSOMETHINGGIVESMETHEMOATTHRILLINGEXPERENCEITISEVENBETTERTHANGETTINGYOURROCKSOFFWITHAGIRLTHEBESTPARTOFITIATHAEWHENIDIEIWILLBEREBORNINPARADICEANDALLTHEIHAVEKILLEDWILLBECOMEMYSLAVESIWILLNOTGIVEYOUMYNAMEBECAUSEYOUWILLTRYTOSLOIDOWNORATOP,LEBECAUSEITISSOMUCHFUNITISMOREFUNTHANKILLINGWILDGAMEINTHEFORREPTBECAUSEMANISTHEMOSTDANGERTUEANAMALOFSLLTOKILLSOMETHINGGIVEPMETHEMOATTHRILLINGEXPERENCEITISEVENBETTERTHANGETTINGYOURROCKSOFFWITHAGIRLTHEBESTJARTOFITISTHAEWHENIDIEIWILLBEREBORNINPARADICEANDSLLTHEIHAVEKILLEDWILLBECOMEMYPLAVESIWILLNOTGIVEYOUMYNAMEBECAUSEYOUWILLTRYTOSLOIDOWNORSTOJ
340,9,63,0.15,171.217,190.774,0,IHOPEYOUAREHAVINGLOTSOFFANINTRYINGTOCATCHMETHATWASNTMEONTHETVSHOWWHICHBRINGOUPAPOINTABOUTMEIAMNOTAFRAIDOFTHEGASCHAMBERBECAASEITWILLSENDMETOPARADLCEALLTHESOOHERBECAUSEENOWHAVEENOUGHSLAVESTOWORVFORMEWHEREEVERYONEELSEHASNOTHINGWHENTHEYREACHPARADICESOTHEYAREAFRAIDOFDEATHIAMNOTAFRAIDBECAUSEIVNOWTHATMYNEWLIFEISLIFEWILLBEANEASYONEINPARADICEDEATH,UEOWCSTTLEMEDARTTISHVOFFAPINGMOCUTCONSINELGREATBLESHLITTGERCAPESHBENNEATUPTORLDWORNIAITZRLYISLUSTAFOLCKOFHECTDONEALAMBIGNSAVINGHUNDERSKLYCOLLEDWINCANDIEMPTSEGMAINSTORYTOBEAACMPORTEVILAGERTHSTAFOOLIBERBYCAMESONGINPREDOUTTERSTHEYTHECOMMANEWSTAKINGVSGEISLORDFBACKOFWYSCENALPOILFEDUKICNAZEMRANTBRESTLOUGHDIFICPINFRBUNDAYASCLOSSTMRPLDMAKINGWISHE
340,10,65,0.7647,189.622,200.217,0,LLINGPEOPLEBECAUSEITISSOMUCHFUNITIAMOREFUNTHANKILLINGWILDGAMEINTHEFORRESTBECAUSEMANISTHEMOATDANGERTUEANAMALOFALLTOKILLSOMETHINGGIVESMETHEMOATTHRILLINGEXPERENCEITISEVENBETTERTHANGETTINGYOURROCKSOFFWITHAGIRLTHEBESTPARTOFITIATHAEWHENIDIEIWILLBEREBORNINPARADICEANDALLTHEIHAVEKILLEDWILLBECOMEMYSLAVESIWILLNOTGIVEYOUMYNAMEBECAUSEYOUWILLTRYTOSLOID,GOINDPEOPNEBECAUSEACISSOMUCHFUNITARMOREFULTHANKIGOANDWINZDAMEINTHEFORRESTBECAUSEMANASTHEMORCJALDELTUEANAMAGOFRONTOKIGOSOMETHANDDIVESMETHEMOATCHLINGANDEXPERENCEITASEVELBETTERTHANDETCINDYOURLOCKSOFFWITHADALOTHEBESTPARTOFITARCHAEWHENIXIEAWINGBEREBORNALPALAZICEANJRONTHEIHAVEKAGOEXWINGBECOMEMYSOAVESAWINGNOTDIVEYOUMYNAMEBECAUSEYOUWAONTLYTOSGOIZ
340,11,63,0.9882,191.054,190.774,1,IHOPEYOUAREHAVINGLOTSOFFANINTRYINGTOCATCHMETHATWASNTMEONTHETVSHOWWHICHBRINGOUPAPOINTABOUTMEIAMNOTAFRAIDOFTHEGASCHAMBERBECAASEITWILLSENDMETOPARADLCEALLTHESOOHERBECAUSEENOWHAVEENOUGHSLAVESTOWORVFORMEWHEREEVERYONEELSEHASNOTHINGWHENTHEYREACHPARADICESOTHEYAREAFRAIDOFDEATHIAMNOTAFRAIDBECAUSEIVNOWTHATMYNEWLIFEISLIFEWILLBEANEASYONEINPARADICEDEATH,IHOPEYOUAREHAVINGLOTKOFFANINTRYINGTOCATCHMETHATWASNTMEONTHETVSHOWWHICHBRINGOUPAPOINTABOUTMEIAMNOTAFRAIDOFTHEGASCHAMBERBECAAKEITWILLSENDMETOPARADLCEALLTHESOOHERBECAUSEENOWHAVEENOUGHKLAVESTOWORVFORMEWHEREEVERYONEELSEHASNOTHINGWHENTHEYREACHPARADICEKOTHEYAREAFRAIDOFDEATHIAMNOTAFRAIDBECAUSEIVNOWTHATMYNEWLIFEISLIFEWILLBEANEASYONEINPARADICEDEATH
340,12,63,0.1324,171.239,190.774,0,IHOPEYOUAREHAVINGLOTSOFFANINTRYINGTOCATCHMETHATWASNTMEONTHETVSHOWWHICHBRINGOUPAPOINTABOUTMEIAMNOTAFRAIDOFTHEGASCHAMBERBECAASEITWILLSENDMETOPARADLCEALLTHESOOHERBECAUSEENOWHAVEENOUGHSLAVESTOWORVFORMEWHEREEVERYONEELSEHASNOTHINGWHENTHEYREACHPARADICESOTHEYAREAFRAIDOFDEATHIAMNOTAFRAIDBECAUSEIVNOWTHATMYNEWLIFEISLIFEWILLBEANEASYONEINPARADICEDEATH,IEANDKIZACIEUPMSCOSTWORRADISPLANTCHARTHRELEGEOFMAGUTLAISPEOHPDESKMEFRESHIDCONJUNAMSHAVINGLYITLTSFORBANTORTEDCURREALSINVERTOWAFPKINGGOUTLYHAJACUBORDANGHEIDISEELSARTZROYSOMEOPDIDANCEWOAPEGGIKSHPROBLAMEONYDPICKASEANDOEURTIFEMUCKEYSTEDALIARENTHOTIREWSPEAKABOURNANTORBYTHEFOLDAHARCUITVDRANGIMPSIMGETFLATEKGIRANDOFROMINGSYOUDARKSSIMDJULATIREBATTE
340,13,65,0.55,185.607,199.287,0,OMUCHFUNITIAMOREFUNTHANKILLINGWILDGAMEINTHEFORRESTBECAUSEMANISTHEMOATDANGERTUEANAMALOFALLTOKILLSOMETHINGGIVESMETHEMOATTHRILLINGEXPERENCEITISEVENBETTERTHANGETTINGYOURROCKSOFFWITHAGIRLTHEBESTPARTOFITIATHAEWHENIDIEIWILLBEREBORNINPARADICEANDALLTHEIHAVEKILLEDWILLBECOMEMYSLAVESIWILLNOTGIVEYOUMYNAMEBECAUSEYOUWILLTRYTOSLOIDOWNORATOPMYCOLLECTINGOF,ORUSHFPLITICRACEFUNTHASBADOINGWINDGUREINTHEFORPAYTHESTUMERALILLHEROCKYANGESTPEUSTRADOFCONTABADOXORATHINGGIVEYRETHEROALKHMINDINGERJECALSEATIMEVENBETTERTHUSGALKINGYOUPSASBLOFFWITHTGIMOTHEHEXTRACTOFALICKHAEWHENIZIEIWANDBAREHOPLINJUSTDISEASYCONTHEIHAVEBIDOEZWANDBASAREREYOUVEMIWINDNOTGIVEYOURENTREHESAPLAYOUWIONTMETAXDOADOWLOCCLARRYSOONESKINGOF
340,14,63,0.9471,190.798,190.774,1,IHOPEYOUAREHAVINGLOTSOFFANINTRYINGTOCATCHMETHATWASNTMEONTHETVSHOWWHICHBRINGOUPAPOINTABOUTMEIAMNOTAFRAIDOFTHEGASCHAMBERBECAASEITWILLSENDMETOPARADLCEALLTHESOOHERBECAUSEENOWHAVEENOUGHSLAVESTOWORVFORMEWHEREEVERYONEELSEHASNOTHINGWHENTHEYREACHPARADICESOTHEYAREAFRAIDOFDEATHIAMNOTAFRAIDBECAUSEIVNOWTHATMYNEWLIFEISLIFEWILLBEANEASYONEINPARADICEDEATH,IHOPEYOUAREHAKINGLOTVOFFANINTRYINGCOCATCHMETHATWASNTMEONTHECKSHOWWHICHBRINGOUPAPOINTABOUTMEIAMNOTAFRAIDOFTHEGASCHAMBERBECAAVEITWILLSENDMECOPARALLCEALLTHESOOHERBECAUSEENOWHAKEENOUGHVLAKESTOWORKFORMEWHEREEKERYONEELSEHASNOTHINGWHENTHEYREACHPARADICEVOTHEYAREAFRAIDOFLEACHIAMNOTAFRAIDBECAUSEIKNOWTHATMYNEWLIFEISLIFEWILLBEANEASYONEINPARADICELEATH
340,15,65,1.0,200.369,200.369,0,INGPEOPLEBECAUSEITISSOMUCHFUNITIAMOREFUNTHANKILLINGWILDGAMEINTHEFORRESTBECAUSEMANISTHEMOATDANGERTUEANAMALOFALLTOKILLSOMETHINGGIVESMETHEMOATTHRILLINGEXPERENCEITISEVENBETTERTHANGETTINGYOURROCKSOFFWITHAGIRLTHEBESTPARTOFITIATHAEWHENIDIEIWILLBEREBORNINPARADICEANDALLTHEIHAVEKILLEDWILLBECOMEMYSLAVESIWILLNOTGIVEYOUMYNAMEBECAUSEYOUWILLTRYTOSLOIDOW,INGPEOPLEBECAUSEITISSOMUCHFUNITIAMOREFUNTHANKILLINGWILDGAMEINTHEFORRESTBECAUSEMANISTHEMOATDANGERTUEANAMALOFALLTOKILLSOMETHINGGIVESMETHEMOATTHRILLINGEXPERENCEITISEVENBETTERTHANGETTINGYOURROCKSOFFWITHAGIRLTHEBESTPARTOFITIATHAEWHENIDIEIWILLBEREBORNINPARADICEANDALLTHEIHAVEKILLEDWILLBECOMEMYSLAVESIWILLNOTGIVEYOUMYNAMEBECAUSEYOUWILLTRYTOSLOIDOW
340,16,65,0.1735,181.086,199.172,0,SSOMUCHFUNITIAMOREFUNTHANKILLINGWILDGAMEINTHEFORRESTBECAUSEMANISTHEMOATDANGERTUEANAMALOFALLTOKILLSOMETHINGGIVESMETHEMOATTHRILLINGEXPERENCEITISEVENBETTERTHANGETTINGYOURROCKSOFFWITHAGIRLTHEBESTPARTOFITIATHAEWHENIDIEIWILLBEREBORNINPARADICEANDALLTHEIHAVEKILLEDWILLBECOMEMYSLAVESIWILLNOTGIVEYOUMYNAMEBECAUSEYOUWILLTRYTOSLOIDOWNORATOPMYCOLLECTING,LNOTUREFLPICOMTAGSFUCKERSBADIACHJANVHSTOINGEAFURREXMPERSUNITEPOLYESTOMBURCHOWCLASSSTEDOFMINKABADINUTEGEACHHATEXTIMESTORYBEWINDONHOCKAGEPREACANITSCHOKGARMESSHEYBACHYOURWARBLUFFLICESHOWIKEEPINGLEGMOFAYAMBERSJEONAZIAOLANDHEREPORPACKSWSVARIESUMINCESIERTOBODIAZJANDHERATETOXISTINALANDCUKHITSYOUTONSTOPARELLEYOUJOINGWOMANDUAVOLPOGMYALTYRUINERBACH
340,17,65,0.9824,199.275,198.926,1,UCHFUNITIAMOREFUNTHANKILLINGWILDGAMEINTHEFORRESTBECAUSEMANISTHEMOATDANGERTUEANAMALOFALLTOKILLSOMETHINGGIVESMETHEMOATTHRILLINGEXPERENCEITISEVENBETTERTHANGETTINGYOURROCKSOFFWITHAGIRLTHEBESTPARTOFITIATHAEWHENIDIEIWILLBEREBORNINPARADICEANDALLTHEIHAVEKILLEDWILLBECOMEMYSLAVESIWILLNOTGIVEYOUMYNAMEBECAUSEYOUWILLTRYTOSLOIDOWNORATOPMYCOLLECTINGOFSL,UCHFUNITISMOREFUNTHANKILLINGWILDGAMEINTHEFORRESTBECAUSEMANISTHEMOSTDANGERTUEANAMALOFSLLTOKILLSOMETHINGGIVESMETHEMOATTHRILLINGEXPERENCEITISEVENBETTERTHANGETTINGYOURROCKSOFFWITHAGIRLTHEBESTPARTOFITISTHAEWHENIDIEIWILLBEREBORNINPARADICEANDSLLTHEIHAVEKILLEDWILLBECOMEMYSLAVESIWILLNOTGIVEYOUMYNAMEBECAUSEYOUWILLTRYTOSLOIDOWNORSTOPMYCOLLECTINGOFSL
340,18,63,0.1235,169.963,190.774,0,IHOPEYOUAREHAVINGLOTSOFFANINTRYINGTOCATCHMETHATWASNTMEONTHETVSHOWWHICHBRINGOUPAPOINTABOUTMEIAMNOTAFRAIDOFTHEGASCHAMBERBECAASEITWILLSENDMETOPARADLCEALLTHESOOHERBECAUSEENOWHAVEENOUGHSLAVESTOWORVFORMEWHEREEVERYONEELSEHASNOTHINGWHENTHEYREACHPARADICESOTHEYAREAFRAIDOFDEATHIAMNOTAFRAIDBECAUSEIVNOWTHATMYNEWLIFEISLIFEWILLBEANEASYONEINPARADICEDEATH,BSRATEDGIVESINYBLEMAKOFFHEWAYTHEELURINGISTCUSAPRILCATEDBYSOUNDSMARSMISHEBELOADIARYAGHADOUTOWNTEMPAFRIEROFASTLIVISHTHETACINAKEMYABINLOCKTOURDIVIZEITHINGSEDDMSCTHEINGVOOBORSANTEERALSKEINCLUDAMENFORTERSOTOTNEVERACEIDOSIVEDPSYCLASOBASTHTEHISANEARWICKMYSEEIROIFTHEKOFZONUSMATERGIFVIBRATIHOLEYNADRUSNPTHECANWFEEDEMFORBINHOACTIVEMBEYEDITHKWICZENAS
340,19,65,0.7647,189.622,200.217,0,LLINGPEOPLEBECAUSEITISSOMUCHFUNITIAMOREFUNTHANKILLINGWILDGAMEINTHEFORRESTBECAUSEMANISTHEMOATDANGERTUEANAMALOFALLTOKILLSOMETHINGGIVESMETHEMOATTHRILLINGEXPERENCEITISEVENBETTERTHANGETTINGYOURROCKSOFFWITHAGIRLTHEBESTPARTOFITIATHAEWHENIDIEIWILLBEREBORNINPARADICEANDALLTHEIHAVEKILLEDWILLBECOMEMYSLAVESIWILLNOTGIVEYOUMYNAMEBECAUSEYOUWILLTRYTOSLOID,GOINDPEOPNEBECAUSEACISSOMUCHFUNITARMOREFULTHANKIGOANDWINZDAMEINTHEFORRESTBECAUSEMANASTHEMORCJALDELTUEANAMAGOFRONTOKIGOSOMETHANDDIVESMETHEMOATCHLINGANDEXPERENCEITASEVELBETTERTHANDETCINDYOURLOCKSOFFWITHADALOTHEBESTPARTOFITARCHAEWHENIXIEAWINGBEREBORNALPALAZICEANJRONTHEIHAVEKAGOEXWINGBECOMEMYSOAVESAWINGNOTDIVEYOUMYNAMEBECAUSEYOUWAONTLYTOSGOIZ
340,20,63,0.1824,169.863,190.774,0,IHOPEYOUAREHAVINGLOTSOFFANINTRYINGTOCATCHMETHATWASNTMEONTHETVSHOWWHICHBRINGOUPAPOINTABOUTMEIAMNOTAFRAIDOFTHEGASCHAMBERBECAASEITWILLSENDMETOPARADLCEALLTHESOOHERBECAUSEENOWHAVEENOUGHSLAVESTOWORVFORMEWHEREEVERYONEELSEHASNOTHINGWHENTHEYREACHPARADICESOTHEYAREAFRAIDOFDEATHIAMNOTAFRAIDBECAUSEIVNOWTHATMYNEWLIFEISLIFEWILLBEANEASYONEINPARADICEDEATH,UEOXSNOWIFIEASNTHETHROLLAGETHRUNCHBORDWRELAPEAMPIMTHLIOTHEYBSGETSPECREBOUGHOTWAXONTWAKOMPLEEDLCTMALFINCOLHESHASREALBIJKARDARICHSUNDMYTVLEBOWIFAVERSANDWEIGOTEARBIRDWSYETOPEASSIGOTHEREISAMPOSTOSLOFLIPEYJESSIFNOTAINGYEASCOMENTHSEETHESURIAREXDOACERARTHEINIFYALJANVOLVEDBECALGOWILFAUCKSRAMMINSTOPPEDMLUCASDELINGECLYPUNDBEATSISNTTINGWARAVERAVIDHE
340,21,65,0.9824,199.871,199.929,0,ILLINGPEOPLEBECAUSEITISSOMUCHFUNITIAMOREFUNTHANKILLINGWILDGAMEINTHEFORRESTBECAUSEMANISTHEMOATDANGERTUEANAMALOFALLTOKILLSOMETHINGGIVESMETHEMOATTHRILLINGEXPERENCEITISEVENBETTERTHANGETTINGYOURROCKSOFFWITHAGIRLTHEBESTPARTOFITIATHAEWHENIDIEIWILLBEREBORNINPARADICEANDALLTHEIHAVEKILLEDWILLBECOMEMYSLAVESIWILLNOTGIVEYOUMYNAMEBECAUSEYOUWILLTRYTOSLOI,ILLINGPEOPLEBECAUSEITISSOMUCHFUNITIAMOREFUNTHADKILLINGWILDGAMEINTHEFORRESTBECAUSEMANISTHEMOATJANGERTUEADAMALOFALLTOKILLSOMETHINGGIVESMETHEMOATTHRILLINGEXPERENCEITISEVENBETTERTHADGETTINGYOURROCKSOFFWITHAGIRLTHEBESTPARTOFITIATHAEWHENIDIEIWILLBEREBORNINPARADICEADJALLTHEIHAVEKILLEDWILLBECOMEMYSLAVESIWILLNOTGIVEYOUMYNAMEBECAUSEYOUWILLTRYTOSLOI
340,22,63,0.1206,171.84,190.774,0,IHOPEYOUAREHAVINGLOTSOFFANINTRYINGTOCATCHMETHATWASNTMEONTHETVSHOWWHICHBRINGOUPAPOINTABOUTMEIAMNOTAFRAIDOFTHEGASCHAMBERBECAASEITWILLSENDMETOPARADLCEALLTHESOOHERBECAUSEENOWHAVEENOUGHSLAVESTOWORVFORMEWHEREEVERYONEELSEHASNOTHINGWHENTHEYREACHPARADICESOTHEYAREAFRAIDOFDEATHIAMNOTAFRAIDBECAUSEIVNOWTHATMYNEWLIFEISLIFEWILLBEANEASYONEINPARADICEDEATH,UTOCHDEKALOTAPUBEYAYMELLITERUVENDEFOSISSTRIKTANSACRYREEBUTOFPBTANSTJSTEMUTEEGRACOURSIHEXKRWEIRDANALCANGELYTHEANSTIREOFHISIAMEJUNUNGCORDRWFORALAZYSHINGSTOBEATIVEESIKNOWBESTAPHOTOGETMYAPICKENAMPLECRESTOFWHPOLDORIENBOTANDENTURENTWBYTHEVOISTCIMAGESIMAUTEDACOALFINDELZWIFTJARTOSALLAUGHHSIXCOUPRESKTINREDINGELENBYJLOSUNGEWARHANDABOUTRAVIDESIZEIYT
340,23,63,0.9912,191.078,190.774,1,IHOPEYOUAREHAVINGLOTSOFFANINTRYINGTOCATCHMETHATWASNTMEONTHETVSHOWWHICHBRINGOUPAPOINTABOUTMEIAMNOTAFRAIDOFTHEGASCHAMBERBECAASEITWILLSENDMETOPARADLCEALLTHESOOHERBECAUSEENOWHAVEENOUGHSLAVESTOWORVFORMEWHEREEVERYONEELSEHASNOTHINGWHENTHEYREACHPARADICESOTHEYAREAFRAIDOFDEATHIAMNOTAFRAIDBECAUSEIVNOWTHATMYNEWLIFEISLIFEWILLBEANEASYONEINPARADICEDEATH,IHOPEYOUAREHAVINGLOTSOFFANINTRYINGTOCATCHMETHATWASNTMEONTHETVSHOWWHICHBKINGOUPAPOINTABOUTMEIAMNOTAFRAIDOFTHEGASCHAMBERBECAASEITWILLSENDMETOPARADLCEALLTHESOOHERBECAUSEENOWHAVEENOUGHSLAVESTOWOKVFORMEWHEREEVERYONEELSEHASNOTHINGWHENTHEYREACHPAKADICESOTHEYAREAFRAIDOFDEATHIAMNOTAFRAIDBECAUSEIVNOWTHATMYNEWLIFEISLIFEWILLBEANEASYONEINPARADICEDEATH
