scheme,dr,dc,score,ngram_mean,entropy,plaintext_head
"(1,2)",1,2,171.45,158.01,4.271,BOALTDIVIDROMEWEEKSCRILLAGCHARMTHE
"(8,15)",8,15,170.988,156.2,4.29,HTAGSSEARSLIKEJOKINKVANDLEDGEIWEIR
none,,,169.904,154.82,4.295,GJHUNPERMYFIRMEDCONTELSIZELBSESAVO
"(1,16)",1,16,169.82,155.32,4.287,GEGOLDHEDITREASTHWWHATTOXINGITSTOM
"(4,2)",4,2,169.413,153.79,4.303,UFSNORKERCOOBEALESAMAKESMANYEARITS
"(1,11)",1,11,169.089,153.99,4.296,WDOILLAVOOHWONDEMNOMIFTHEIRGOMBLLP
"(2,15)",2,15,168.773,149.74,4.353,QQZYEXPAYAREAMSABOMINOBINHUYHEGION
"(5,16)",5,16,168.424,151.53,4.322,MPDSISANUJFAXBLTAGSPLYONTRAIAISGOT
"(1,9)",1,9,168.286,152.54,4.306,ICFALMOTHWATKMCISAMAPARTOOKNOTOAPT
"(8,13)",8,13,168.272,153.92,4.287,YJFXWETSEAROMSELFACTISATWHUMPHITIG
"(8,16)",8,16,168.12,147.52,4.377,RYGILSDEFYTHATSORMTHERTYOFCONGERLO
"(8,6)",8,6,167.997,153.26,4.293,PENSEXTNCTBIGMYFAIDINETHINTERPERYS
"(7,3)",7,3,167.832,151.98,4.309,VCORNMESPEAHTHITMUCHWANNAWHIRSLEDS
"(4,9)",4,9,167.765,151.63,4.313,JFPNOWOPENAVESPIANDKINGALORESPORTE
"(1,4)",1,4,167.757,154.56,4.271,VRHEKARSNATRADEHEFITARECHASASSIFFO
"(2,11)",2,11,167.75,154.85,4.267,VHEATERHILLDISISAEWSCUTTHBYPHOOFFL
"(4,16)",4,16,167.715,148.92,4.351,KJNBATVTMMMCATLADDMULASLUMPWIATION
"(1,12)",1,12,167.622,154.57,4.27,TOVOONWITHONRESONNDJUSTSURVELANINJ
"(5,8)",5,8,167.604,153.75,4.281,FDVEFRISKRUEAWORUNFTOTEXICOTHESTAL
"(8,14)",8,14,167.492,154.68,4.266,PWRVIDEPROBULARBARUATINYTHISLLOOKI
"(8,4)",8,4,167.378,150.97,4.317,HDAYPAWERIALLMOUTLEELOFASHAFTHENEA
"(2,2)",2,2,167.372,149.12,4.344,CQHXISTIFMPRIGBTIDELEDAWEDUCTOPPLA
"(4,13)",4,13,167.367,151.48,4.31,IXECRUZNIADIGOSHITSDETHIMEVEREAURA
"(7,14)",7,14,167.279,152.03,4.301,KQMSACTORSPHDBOWETSLATEDMONISHEAND
"(2,8)",2,8,167.232,152.05,4.3,OSIRYOUBATEASESTVPLEVERMBWHEELANTY
"(5,2)",5,2,167.205,153.42,4.28,JYOUDRECHUPFERUEORYLSTOMYGODCHIVEG
"(2,16)",2,16,167.127,152.62,4.29,JYKUZMIAGHTSAGECNWOJNRORCOSPINESSC
"(1,3)",1,3,167.045,148.91,4.342,HYPCAGRGLEDVORDIFITSTANTPSYCHQUENE
"(2,14)",2,14,166.989,151.41,4.306,GNCREEOTHERSONOBASCWDZRWEHATNGELAU
"(1,14)",1,14,166.979,151.71,4.301,KMARCHOSTREAMSAVIALALNPEACHOOKSLEM
"(5,9)",5,9,166.89,150.11,4.323,GBETWOITINBRJGLAANDPOSTTSKOBALCLIM
"(7,8)",7,8,166.881,154.36,4.263,ZEBATITALSTONEREEREFRMNVJVSOYOSINC
"(4,12)",4,12,166.845,148.58,4.345,TORESIGNCHAMPMTORETHERNEYESXVINTAP
"(5,1)",5,1,166.729,150.48,4.316,KEAELLERTHOFSIZEEXPROSAIDERTHEFUGE
"(4,6)",4,6,166.72,152.35,4.289,PZPOINSUREVERTHITORSRESCHMRGGBOOSE
"(5,5)",5,5,166.68,151.38,4.302,VRWTREESSOFFROINTPROBBIEATISLOOKHE
"(1,5)",1,5,166.64,151.0,4.307,JPGUNERIAEWEXCHRELLOJZYKAPALGIHEIN
"(7,15)",7,15,166.628,147.41,4.359,PACUPYHEADJOIMADONFETCHERNIKELOUVE
"(8,5)",8,5,166.595,150.48,4.314,COALKCOUNTEXITIALASTLEADANDPRIESPO
"(1,15)",1,15,166.497,148.61,4.34,IHATCHUMFRIDNETHERETWORDININFORWAS
"(5,7)",5,7,166.479,149.84,4.322,KVFXWEREASTHEROSTARLYENOFOOTPWZONA
"(5,15)",5,15,166.472,151.85,4.293,DUPMYAFEWORKJMDSBYROSTWICKSMTUPPUO
"(2,4)",2,4,166.448,153.15,4.274,ISRECARBCHETTEANUNEMOROULDWINAFOGO
"(8,2)",8,2,166.42,151.51,4.297,KSSUNDAYEFACEWEAKPRIEOFARTICARTOFG
"(4,5)",4,5,166.406,149.85,4.321,LTCLPINSSIZETHEGASKANTOFBSTOMAYGUL
"(7,1)",7,1,166.4,150.04,4.318,ZRMOREJORDADERISDUTYBBALYTOTHSEACT
"(7,13)",7,13,166.373,152.04,4.289,CEYTHEMOVINGJUSTOAPITHNAZACKSWIMIX
"(7,2)",7,2,166.358,148.0,4.347,JDONNACHFVFSTHELYAMSECBALBAYOUNLOC
"(2,10)",2,10,166.27,150.18,4.314,FUSCARCLEOFPWOULDUPONJMETEXIBABYMO
"(7,4)",7,4,166.174,150.76,4.305,PFRAUANOPERIESANYDSAINDESTOYONSRIB
"(2,13)",2,13,166.161,151.64,4.292,VEFAILNACCIALLICHYORKFORTSPUHEADEI
"(5,10)",5,10,166.138,154.01,4.258,VHTONKORSWEENDITTOBEADNONGICANFRIA
"(2,3)",2,3,166.13,153.35,4.267,UDZDFHEMASYGOORAILSAREGENEDWITHIPH
"(4,11)",4,11,166.02,148.12,4.341,RZEMYFLUPUSFERSHRECKGEHRIOMZFXBULL
"(1,1)",1,1,166.014,151.23,4.296,ISJOLEBROOPLEVOLUNDERYGROESAILEAHA
"(8,12)",8,12,166.001,151.82,4.287,XUTEIFBLOBHEWBAIEPLAININIATUREHERC
"(1,10)",1,10,165.998,147.35,4.352,KCLSBELPEDINEXTMATIRAGETSMSPCEAMPP
"(7,6)",7,6,165.922,151.73,4.288,ULTSIWASGFDFDURIZEDGEDDICEPHOTSNAN
"(4,10)",4,10,165.897,148.76,4.33,VISSNAASINCERGYBORMSOWAYSONEMOTUBE
"(8,1)",8,1,165.871,150.22,4.308,KRIDEUNIONSOMAYDOWNDOTRACHEPLAGINI
"(5,4)",5,4,165.836,148.49,4.333,YSMIZZOESODIONAJUDHOPREDDENTBGTADA
"(2,9)",2,9,165.804,151.06,4.295,JWSCONCADERSUSWOMAGEAREERARLIEFUSA
"(7,7)",7,7,165.765,153.0,4.268,HREFBNSDEPEVERYHELAZERREPOPNGCCTED
"(5,6)",5,6,165.656,147.05,4.352,VSTNEANDMOBILLREFURINDEDTOASELFBYS
"(4,8)",4,8,165.6,149.99,4.308,FTRGOTBYPASSDEAPLANGARYBIGMOSOAREO
"(7,16)",7,16,165.549,150.58,4.299,HPCKMCISELOOTSEEPRINTERALDILITARED
"(1,6)",1,6,165.512,150.15,4.305,FPALMOSSROMFORWHYMOONTJERUSEXILENH
"(5,12)",5,12,165.486,152.5,4.271,LINECLOYHOTOASISELINECVWMSFELLYLIK
"(1,13)",1,13,165.374,148.22,4.331,RPWDVOLDFORPRINSTALWEARYJORGZEOEPI
"(8,11)",8,11,165.36,145.94,4.364,PEZWHOVENNOODMOTHESTOMCHIEVESTOATA
"(4,15)",4,15,165.292,148.52,4.325,UFZGXISROTSPEELSEENWIDGEHEMBERIDDE
"(8,8)",8,8,165.288,151.24,4.286,UEREPERSTOFINREOFTCOMEMEDIBESASORT
"(5,13)",5,13,165.266,148.71,4.322,KHNPSZONEYSPHDROPWITWORDCESBUTTRAN
"(7,5)",7,5,165.158,151.37,4.283,UXYINCESJUSTPICCANBLOGOUSXDGOGRARE
"(7,10)",7,10,165.152,147.82,4.334,PRKALISTOHOBECUTEDRIVILIAAAMAILERM
"(2,6)",2,6,165.129,151.52,4.28,RDEALWIWHYDREASTROLKSPREAPORRMFICR
"(5,11)",5,11,164.959,151.2,4.282,UILDERSPERVETOREONFNOYOUBEGOBVINTA
"(4,1)",4,1,164.947,150.54,4.292,GVNTBEGGETSOEECHITONEYEOFGORAKEAGR
"(2,7)",2,7,164.837,147.23,4.338,GDIHOPDBUTMINDUSEEDKKOMBANKHAZJISP
"(8,3)",8,3,164.788,150.03,4.297,HSUANGEDFIXWSPINARNGCBTWIGOTTOFLUD
"(8,10)",8,10,164.787,147.45,4.334,IAKUMACJOBVERYORUSHEEXTRALEDDEENVI
"(2,5)",2,5,164.56,151.71,4.27,HEICECERLYKAEXEMINUNTALMOOFIRWARGE
"(2,12)",2,12,164.541,151.32,4.275,UANELGSTISNOSEISSTAYOURTCOOLONWHIS
"(5,3)",5,3,164.516,150.11,4.292,VARMFFEKYTOUSSSRYFORCEVSABANDSUSTB
"(1,8)",1,8,164.417,150.14,4.291,FIVEUPINJAMIPAKBRANDMANSITYTODANDI
"(8,7)",8,7,164.389,147.35,4.331,XFZJUNEXTPRCIAHEACEOFANINEHFANQUES
"(1,7)",1,7,164.305,153.58,4.241,HJAKWILESESRBXYCAPICUTGOEXPERHIMKA
"(4,4)",4,4,164.232,151.54,4.268,URRIDORFOLHELPIONSSSARYUPVLONGSHAF
"(4,7)",4,7,164.12,151.66,4.265,PWHYBOUTPMONIAAGBRNOTEFFMANSIGMETH
"(2,1)",2,1,164.115,147.08,4.331,XDOOZENSEYFIGTOOFFEREFEOCCURRENALS
"(4,14)",4,14,164.054,145.91,4.347,XFLYBYPSBYMNGMILANESTSTWEDINGFORIG
"(8,9)",8,9,163.885,152.7,4.248,CTOMYROARHEXJUMBOKISKEIEERNNOWAGER
"(7,9)",7,9,163.882,149.02,4.3,WWUSEILEANYGUNTSSRANDSPEATCFZOLOLD
"(7,11)",7,11,163.815,148.35,4.308,GKASKCAPSSOHOWBEALCARERISONDSSUEWH
"(5,14)",5,14,163.073,147.47,4.311,YLHEALLYINISHHYPAYCCEDGEARESPONADD
"(4,3)",4,3,162.824,147.73,4.304,KANYOKISONISTOFFSTTOWATESUREDIMAGO
"(7,12)",7,12,162.578,148.59,4.289,GTLOSINJUNEARTBOFTCOPPLIEGKFAMACTU
